Elect,Mecaq,,,,,
Mecaq,TEC1,,,,,
info,Mecaq,,,,,
Elect,Mecaq,,,,,
Elect,Mecaq,,,,,
Elect,TEC1,TPBUR,,,,
Chim,Elect,Mecaq,TEC1,TPBUR,,
Elect,Mecaq,,,,,
Analy,Chim,Mecaq,TPBUR,,,
Elect,Mecaq,TPBUR,,,,
Chim,Elect,TPBUR,,,,
Elect,info,TEC1,,,,
Mecaq,TEC1,TPBUR,,,,
Chim,Elect,TPBUR,,,,
Elect,Mecaq,TEC1,TPBUR,,,
Analy,Elect,TEC1,TPBUR,,,
Chim,Elect,TPBUR,,,,
Analy,Chim,Elect,Mecaq,TEC1,TPBUR,
Analy,Chim,Elect,info,TEC1,TPBUR,
TEC1,TPBUR,,,,,
Chim,Elect,TPBUR,,,,
Analy,Chim,Elect,TPBUR,,,
Analy,Elect,TPBUR,,,,
Analy,Elect,info,Mecaq,TPBUR,,
Elect,TPBUR,,,,,
Elect,info,Mecaq,TPBUR,,,
Chim,Elect,Mecaq,TEC1,TPBUR,,
Analy,Chim,Elect,Mecaq,TPBUR,,
Chim,Elect,TPBUR,,,,
Analy,Chim,Elect,Mecaq,TEC1,TPBUR,
Chim,Elect,TPBUR,,,,
Chim,Elect,Mecaq,TPBUR,,,
Chim,Mecaq,TPBUR,,,,
Elect,info,TEC1,TPBUR,,,
Elect,Mecaq,,,,,
Analy,Chim,Elect,TPBUR,,,
Analy,Chim,Elect,info,TEC1,TPBUR,
TEC1,TPBUR,,,,,
Chim,Elect,TEC1,TPBUR,,,
Chim,Elect,Mecaq,TPBUR,,,
Analy,Chim,Elect,info,Mecaq,TPBUR,
Chim,Elect,Mecaq,TEC1,TPBUR,,
Chim,Elect,info,Mecaq,TEC1,,
Chim,TEC1,TPBUR,,,,
Chim,Elect,Mecaq,TEC1,TPBUR,,
Analy,Chim,Elect,info,Mecaq,TEC1,TPBUR
Analy,Elect,Mecaq,TEC1,TPBUR,,
Chim,Elect,info,TEC1,TPBUR,,
Analy,Chim,Elect,info,Mecaq,TEC1,TPBUR
Elect,TPBUR,,,,,
Chim,Elect,Mecaq,TEC1,TPBUR,,
Analy,Chim,Elect,Mecaq,TEC1,TPBUR,
Chim,Elect,info,,,,
TEC1,TPBUR,,,,,
Chim,Elect,info,TEC1,TPBUR,,
Analy,Chim,Elect,info,Mecaq,TEC1,TPBUR
Analy,Chim,Elect,info,Mecaq,TEC1,TPBUR
Analy,Chim,Elect,info,TEC1,TPBUR,
Analy,Chim,Mecaq,,,,
Elect,info,TPBUR,,,,
Chim,info,TPBUR,,,,
Analy,Chim,Elect,TPBUR,,,
Elect,TEC1,,,,,
Analy,Chim,Elect,Mecaq,TEC1,TPBUR,
Chim,Elect,TEC1,TPBUR,,,
Analy,Chim,Elect,info,,,
Chim,Elect,info,TPBUR,,,
Analy,Elect,Mecaq,TPBUR,,,
Chim,Elect,Mecaq,TPBUR,,,
Chim,Elect,info,Mecaq,TPBUR,,
Elect,TPBUR,,,,,
info,Mecaq,TEC1,TPBUR,,,
Elect,info,TPBUR,,,,
Chim,Elect,TEC1,TPBUR,,,
TEC1,TPBUR,,,,,
Elect,TPBUR,,,,,
Analy,Elect,info,Mecaq,TEC1,TPBUR,
Chim,Elect,Mecaq,TPBUR,,,
Analy,Chim,Elect,Mecaq,TPBUR,,
Analy,Chim,Elect,info,Mecaq,TEC1,TPBUR
Analy,Chim,Mecaq,TEC1,TPBUR,,
Analy,Chim,Elect,info,Mecaq,TEC1,TPBUR
Analy,Chim,Elect,info,Mecaq,TEC1,TPBUR
Elect,info,TEC1,TPBUR,,,
Chim,info,Mecaq,TEC1,TPBUR,,
Mecaq,TEC1,TPBUR,,,,
Elect,TEC1,TPBUR,,,,
Analy,Chim,Elect,TPBUR,,,
Chim,Elect,TEC1,TPBUR,,,
Chim,Elect,TPBUR,,,,
Analy,Chim,Elect,info,TEC1,TPBUR,
Analy,Chim,Elect,TEC1,TPBUR,,
Chim,Elect,Mecaq,TEC1,TPBUR,,
Chim,Elect,Mecaq,TPBUR,,,
Chim,Elect,Mecaq,TEC1,TPBUR,,
Chim,Mecaq,TEC1,TPBUR,,,
Analy,Chim,Elect,info,Mecaq,TEC1,TPBUR
Chim,Mecaq,TEC1,TPBUR,,,
Analy,Chim,Elect,Mecaq,TPBUR,,
Chim,Elect,Mecaq,TEC1,TPBUR,,
Analy,Chim,Elect,Mecaq,TPBUR,,
Chim,Elect,info,Mecaq,TEC1,TPBUR,
Chim,Elect,info,Mecaq,TPBUR,,
Analy,Chim,Elect,info,TEC1,TPBUR,
Analy,Chim,Elect,Mecaq,TPBUR,,
Analy,Chim,Mecaq,TPBUR,,,
Analy,Elect,info,Mecaq,TPBUR,,
Chim,Elect,info,TPBUR,,,
Chim,Elect,TPBUR,,,,
Elect,info,Mecaq,TEC1,TPBUR,,
Analy,Chim,Elect,info,Mecaq,TPBUR,
Analy,Chim,Elect,TPBUR,,,
Analy,Chim,Elect,info,Mecaq,TEC1,TPBUR
Elect,Mecaq,TPBUR,,,,
Chim,TEC1,TPBUR,,,,
info,TEC1,TPBUR,,,,
Chim,Elect,Mecaq,TPBUR,,,
info,TEC1,TPBUR,,,,
Chim,Elect,info,TEC1,TPBUR,,
Elect,TEC1,TPBUR,,,,
Analy,Chim,Elect,info,Mecaq,,
TEC1,TPBUR,,,,,
Chim,info,Mecaq,TPBUR,,,
Analy,Elect,Mecaq,TPBUR,,,
Analy,Chim,Elect,TPBUR,,,
Elect,info,Mecaq,TPBUR,,,
Elect,info,TEC1,TPBUR,,,
Analy,Chim,Elect,Mecaq,TPBUR,,
Elect,TPBUR,,,,,
Elect,info,Mecaq,TPBUR,,,
Analy,Chim,Elect,TEC1,,,
Elect,TEC1,TPBUR,,,,
Chim,Elect,info,TEC1,TPBUR,,
Chim,TPBUR,,,,,
Chim,Elect,Mecaq,TEC1,,,
Chim,Elect,info,TEC1,TPBUR,,
Chim,Elect,TEC1,TPBUR,,,
Elect,TEC1,TPBUR,,,,
Chim,Elect,TEC1,,,,
Analy,Chim,Mecaq,TEC1,,,
info,TEC1,TPBUR,,,,
Analy,Elect,,,,,
Elect,info,TEC1,TPBUR,,,
Elect,info,TEC1,TPBUR,,,
Chim,Elect,Mecaq,TPBUR,,,
Elect,info,Mecaq,TEC1,TPBUR,,
Analy,Chim,Elect,info,Mecaq,TEC1,TPBUR
Elect,info,TPBUR,,,,
Chim,Elect,info,TPBUR,,,
Mecaq,TPBUR,,,,,
Elect,info,Mecaq,TEC1,TPBUR,,
Analy,Chim,Elect,TEC1,TPBUR,,
Elect,Mecaq,TEC1,TPBUR,,,
Analy,Chim,Elect,info,TPBUR,,
Elect,info,Mecaq,,,,
Analy,Chim,Elect,info,Mecaq,TPBUR,
Elect,TEC1,TPBUR,,,,
Elect,Mecaq,TEC1,TPBUR,,,
Analy,Chim,Elect,Mecaq,TEC1,TPBUR,
Analy,Chim,Elect,TEC1,TPBUR,,
Chim,Elect,TPBUR,,,,
Chim,Elect,info,Mecaq,TEC1,TPBUR,
Chim,Mecaq,TPBUR,,,,
Chim,Mecaq,TEC1,TPBUR,,,
Analy,Mecaq,,,,,
Analy,Chim,Elect,info,Mecaq,TEC1,TPBUR
Analy,Chim,Elect,Mecaq,TEC1,TPBUR,
Chim,Elect,TEC1,TPBUR,,,
Analy,Chim,Elect,Mecaq,TPBUR,,
Chim,Elect,TEC1,,,,
Analy,Chim,Elect,info,Mecaq,TEC1,TPBUR
Chim,Elect,info,,,,
Analy,Chim,Elect,TEC1,TPBUR,,
Elect,info,TEC1,TPBUR,,,
Analy,Chim,Elect,info,Mecaq,TEC1,
Analy,Elect,TEC1,TPBUR,,,
Analy,Chim,Elect,info,Mecaq,TEC1,TPBUR
Elect,info,Mecaq,TPBUR,,,
Chim,Elect,Mecaq,TEC1,TPBUR,,
info,Mecaq,TEC1,TPBUR,,,
Chim,Elect,Mecaq,TEC1,,,
Chim,Elect,TEC1,,,,
Chim,Elect,Mecaq,TEC1,,,
Analy,Chim,Elect,info,TEC1,TPBUR,
Analy,Chim,Elect,info,Mecaq,TEC1,TPBUR
info,TEC1,TPBUR,,,,
Chim,Elect,info,TPBUR,,,
Analy,Chim,Elect,info,Mecaq,TPBUR,
Analy,info,Mecaq,TEC1,TPBUR,,
Analy,info,TPBUR,,,,
Analy,TPBUR,,,,,
Chim,Elect,TPBUR,,,,
Analy,Chim,Elect,TPBUR,,,
Chim,info,TEC1,TPBUR,,,
Chim,Elect,TPBUR,,,,
Analy,Chim,info,TEC1,TPBUR,,
Analy,Chim,Elect,info,Mecaq,TPBUR,
Elect,TPBUR,,,,,
Chim,Elect,TPBUR,,,,
Chim,Elect,TPBUR,,,,
TEC1,TPBUR,,,,,
Chim,Mecaq,TPBUR,,,,
Analy,Elect,TEC1,TPBUR,,,
Analy,Chim,Elect,info,TEC1,TPBUR,
Analy,Elect,Mecaq,TPBUR,,,
Elect,Mecaq,TPBUR,,,,
Chim,Elect,info,TEC1,TPBUR,,
Analy,Chim,Elect,TEC1,TPBUR,,
Chim,Elect,TEC1,,,,
Analy,Chim,Elect,info,Mecaq,TEC1,TPBUR
Analy,Chim,Elect,Mecaq,TEC1,TPBUR,
Chim,Elect,TEC1,TPBUR,,,
TEC1,TPBUR,,,,,
Chim,Elect,Mecaq,TEC1,TPBUR,,
Elect,TPBUR,,,,,
Chim,Elect,TPBUR,,,,
Chim,Elect,info,TEC1,TPBUR,,
Analy,Elect,info,TEC1,TPBUR,,
Elect,TEC1,TPBUR,,,,
Analy,Chim,Elect,info,Mecaq,TEC1,TPBUR
Chim,Elect,Mecaq,TEC1,TPBUR,,
Elect,TEC1,TPBUR,,,,
Chim,Elect,info,Mecaq,TEC1,TPBUR,
Analy,Elect,TPBUR,,,,
info,Mecaq,TEC1,TPBUR,,,
Analy,Chim,Elect,Mecaq,TEC1,TPBUR,
TEC1,TPBUR,,,,,
Chim,Elect,info,Mecaq,TEC1,TPBUR,
Chim,Elect,TPBUR,,,,
Elect,info,TPBUR,,,,
Analy,Elect,Mecaq,TPBUR,,,
Chim,Elect,TEC1,TPBUR,,,
Chim,Elect,Mecaq,TPBUR,,,
Chim,Elect,info,TEC1,TPBUR,,
Mecaq,TEC1,TPBUR,,,,
Chim,Elect,Mecaq,TEC1,TPBUR,,
Chim,Elect,info,TEC1,TPBUR,,
Elect,Mecaq,TPBUR,,,,
Chim,Elect,info,Mecaq,TEC1,TPBUR,
info,Mecaq,TEC1,TPBUR,,,
Elect,info,TEC1,,,,
Elect,info,Mecaq,TPBUR,,,
Chim,Elect,info,TEC1,TPBUR,,
Chim,Elect,TPBUR,,,,
Analy,Chim,Mecaq,TEC1,TPBUR,,
Analy,Chim,Elect,info,TPBUR,,
Analy,Chim,Elect,info,TEC1,TPBUR,
Chim,Elect,info,Mecaq,TEC1,TPBUR,
Chim,Elect,info,Mecaq,TPBUR,,
Chim,Mecaq,TPBUR,,,,
Analy,Mecaq,,,,,
Chim,Elect,info,TPBUR,,,
Chim,Mecaq,TEC1,,,,
Chim,Elect,Mecaq,TPBUR,,,
Mecaq,TEC1,TPBUR,,,,
Elect,TEC1,TPBUR,,,,
Chim,Mecaq,TPBUR,,,,
Elect,TPBUR,,,,,
Mecaq,TEC1,TPBUR,,,,
Elect,TEC1,TPBUR,,,,
Chim,Elect,info,TEC1,TPBUR,,
Elect,info,TPBUR,,,,
Analy,Elect,info,TEC1,TPBUR,,
Chim,TEC1,TPBUR,,,,
Chim,Elect,info,Mecaq,TEC1,TPBUR,
Chim,Elect,info,Mecaq,TEC1,TPBUR,
Chim,Mecaq,TPBUR,,,,
info,TEC1,TPBUR,,,,
Analy,Chim,info,Mecaq,TPBUR,,
Chim,Elect,info,TEC1,TPBUR,,
Elect,Mecaq,TEC1,TPBUR,,,
Elect,info,TEC1,TPBUR,,,
Chim,Elect,info,Mecaq,TEC1,TPBUR,
Elect,Mecaq,TPBUR,,,,
Analy,Chim,Elect,info,TEC1,TPBUR,
Analy,Chim,Elect,TPBUR,,,
Analy,Chim,Elect,TPBUR,,,
Chim,Elect,Mecaq,TPBUR,,,
Analy,Chim,Elect,info,TPBUR,,
Chim,Elect,Mecaq,TEC1,TPBUR,,
Chim,TEC1,TPBUR,,,,
Elect,Mecaq,TPBUR,,,,
Chim,Elect,Mecaq,,,,
Analy,Chim,Elect,info,TEC1,TPBUR,
Analy,Chim,Elect,Mecaq,TPBUR,,
Analy,Chim,Elect,TEC1,TPBUR,,
Chim,Elect,info,Mecaq,TPBUR,,
Chim,Elect,info,TEC1,TPBUR,,
Chim,info,Mecaq,TPBUR,,,
Chim,Elect,info,TEC1,TPBUR,,
Elect,info,TPBUR,,,,
Chim,Mecaq,TEC1,TPBUR,,,
info,TEC1,TPBUR,,,,
Elect,info,Mecaq,TEC1,TPBUR,,
Analy,Chim,Elect,info,Mecaq,TEC1,TPBUR
Chim,info,TEC1,TPBUR,,,
Chim,Elect,info,Mecaq,TPBUR,,
Chim,Elect,TPBUR,,,,
Analy,Chim,Elect,info,Mecaq,TPBUR,
Elect,Mecaq,TEC1,TPBUR,,,
Chim,Elect,TPBUR,,,,
Elect,info,TEC1,TPBUR,,,
Analy,Chim,Elect,info,Mecaq,TEC1,TPBUR
Chim,Elect,Mecaq,TPBUR,,,
Chim,Elect,info,TEC1,TPBUR,,
Analy,Chim,Elect,info,Mecaq,TEC1,TPBUR
Elect,TEC1,,,,,
Analy,Chim,Elect,info,TEC1,TPBUR,
Chim,Elect,info,Mecaq,TEC1,TPBUR,
Chim,info,Mecaq,TPBUR,,,
TEC1,TPBUR,,,,,
Elect,Mecaq,TPBUR,,,,
Chim,Elect,info,TPBUR,,,
Analy,Chim,Elect,Mecaq,TEC1,TPBUR,
Analy,Chim,Elect,TEC1,TPBUR,,
Analy,Chim,TEC1,TPBUR,,,
Analy,Chim,Elect,Mecaq,TPBUR,,
Chim,Elect,,,,,
Chim,info,Mecaq,TEC1,TPBUR,,
Chim,Elect,info,Mecaq,TPBUR,,
Chim,Elect,Mecaq,TPBUR,,,
Chim,Elect,TPBUR,,,,
Chim,Elect,info,Mecaq,TPBUR,,
Elect,info,Mecaq,TPBUR,,,
Analy,Elect,Mecaq,TEC1,TPBUR,,
Chim,Elect,info,Mecaq,TPBUR,,
Analy,Chim,Elect,info,Mecaq,TEC1,TPBUR
Chim,Elect,TPBUR,,,,
Chim,TPBUR,,,,,
TEC1,TPBUR,,,,,
Chim,Elect,info,TEC1,TPBUR,,
Chim,Elect,info,TEC1,TPBUR,,
Chim,Elect,info,Mecaq,TPBUR,,
Chim,info,Mecaq,TEC1,,,
Analy,Chim,Elect,Mecaq,TEC1,TPBUR,
Chim,Elect,TEC1,,,,
Analy,Chim,Elect,info,Mecaq,TEC1,TPBUR
Analy,Chim,Elect,TEC1,,,
Chim,Elect,Mecaq,TPBUR,,,
Chim,info,Mecaq,TEC1,TPBUR,,
Chim,info,TEC1,TPBUR,,,
Chim,Elect,Mecaq,TPBUR,,,
Analy,Elect,info,Mecaq,TEC1,TPBUR,
Chim,Elect,TEC1,TPBUR,,,
Chim,Elect,TPBUR,,,,
Analy,Chim,Elect,TPBUR,,,
Elect,info,Mecaq,TEC1,TPBUR,,
Chim,Elect,info,TPBUR,,,
Elect,info,Mecaq,TEC1,TPBUR,,
Analy,Chim,info,TPBUR,,,
Chim,Elect,info,TPBUR,,,
Elect,info,Mecaq,TPBUR,,,
TEC1,TPBUR,,,,,
Mecaq,TPBUR,,,,,
Chim,Elect,info,Mecaq,TEC1,TPBUR,
Analy,Chim,Elect,Mecaq,TPBUR,,
Analy,Chim,TPBUR,,,,
Analy,Chim,Elect,info,Mecaq,TEC1,TPBUR
Chim,Elect,info,TEC1,TPBUR,,
Analy,Chim,info,Mecaq,TPBUR,,
Chim,TPBUR,,,,,
Chim,TPBUR,,,,,
Chim,Elect,Mecaq,,,,
Analy,Chim,Elect,info,TEC1,,
Elect,info,TEC1,TPBUR,,,
Elect,TPBUR,,,,,
Analy,Chim,Elect,Mecaq,TEC1,TPBUR,
Elect,TEC1,TPBUR,,,,
Mecaq,TPBUR,,,,,
Analy,Elect,info,TEC1,TPBUR,,
Chim,Mecaq,TPBUR,,,,
Elect,TEC1,TPBUR,,,,
info,TPBUR,,,,,
Chim,Elect,info,Mecaq,TPBUR,,
Chim,Elect,Mecaq,TEC1,TPBUR,,
Chim,info,TPBUR,,,,
Chim,TPBUR,,,,,
info,TEC1,TPBUR,,,,
Chim,Elect,info,Mecaq,TPBUR,,
Chim,Elect,info,Mecaq,TEC1,TPBUR,
Elect,info,TEC1,TPBUR,,,
Chim,Elect,info,TPBUR,,,
Analy,Chim,Elect,TPBUR,,,
Elect,Mecaq,TEC1,TPBUR,,,
Chim,Mecaq,TEC1,TPBUR,,,
Elect,info,TEC1,TPBUR,,,
Chim,Elect,TPBUR,,,,
Elect,TPBUR,,,,,
Chim,Elect,TPBUR,,,,
Elect,info,Mecaq,TEC1,TPBUR,,
info,Mecaq,TEC1,TPBUR,,,
info,TEC1,TPBUR,,,,
Elect,Mecaq,TPBUR,,,,
Chim,Elect,TPBUR,,,,
Analy,Chim,Elect,info,Mecaq,TEC1,TPBUR
Analy,TEC1,TPBUR,,,,
Elect,info,Mecaq,TEC1,TPBUR,,
Elect,TPBUR,,,,,
Mecaq,TPBUR,,,,,
Chim,Elect,info,TPBUR,,,
TEC1,TPBUR,,,,,
Chim,Elect,info,Mecaq,TEC1,TPBUR,
Chim,Elect,info,TPBUR,,,
Chim,Elect,info,Mecaq,TPBUR,,
Chim,Elect,TEC1,TPBUR,,,
Analy,Chim,Elect,info,Mecaq,TPBUR,
Elect,info,Mecaq,TEC1,TPBUR,,
info,TPBUR,,,,,
Chim,Elect,info,TEC1,TPBUR,,
info,TEC1,TPBUR,,,,
Chim,Elect,TEC1,TPBUR,,,
info,Mecaq,TPBUR,TPBUR,,,
Chim,info,Mecaq,TEC1,TPBUR,,
Elect,TEC1,TPBUR,,,,
Elect,info,TEC1,TPBUR,,,
TEC1,TPBUR,,,,,
info,TEC1,TPBUR,,,,
Chim,Elect,Mecaq,TPBUR,,,
Elect,info,TPBUR,,,,
Elect,info,TEC1,TPBUR,,,
Chim,Elect,TEC1,,,,
Chim,Elect,info,TEC1,TPBUR,,
Analy,Chim,Elect,info,TEC1,TPBUR,
Analy,Elect,info,TEC1,TPBUR,,
Analy,Chim,Elect,info,Mecaq,TEC1,TPBUR
Chim,Elect,TEC1,TPBUR,,,
Chim,Elect,info,TEC1,TPBUR,,
info,TPBUR,,,,,
Chim,Elect,info,TEC1,TPBUR,,
TEC1,TPBUR,,,,,
Chim,Elect,info,TEC1,TPBUR,,
Chim,Elect,info,Mecaq,TEC1,,
Elect,info,TEC1,,,,
Chim,Elect,info,Mecaq,TPBUR,,
Elect,info,,,,,
Elect,info,TPBUR,,,,
Elect,info,TPBUR,,,,
Chim,Elect,info,Mecaq,TPBUR,,
Chim,Elect,info,TPBUR,,,
Chim,Elect,info,,,,
Chim,Elect,TEC1,,,,
Chim,Elect,TPBUR,,,,
Chim,Elect,info,,,,
Chim,Elect,info,TEC1,,,
Chim,Elect,info,,,,
Chim,Elect,info,,,,
Chim,Elect,TEC1,,,,
Chim,Elect,info,TEC1,TPBUR,,
Elect,info,Mecaq,,,,
Chim,Elect,info,Mecaq,TPBUR,,
Analy,Elect,info,,,,
Chim,Elect,info,Mecaq,,,
Chim,Elect,info,TEC1,,,
Analy,Chim,Elect,TPBUR,,,
Elect,info,TPBUR,,,,
Chim,Elect,info,Mecaq,TEC1,,
Analy,Chim,Elect,TPBUR,,,
Chim,Elect,Mecaq,TPBUR,,,
Analy,Chim,Elect,info,TEC1,TPBUR,
Analy,Chim,Elect,TEC1,TPBUR,,
Elect,TEC1,,,,,
Elect,Mecaq,TEC1,TPBUR,,,
Elect,info,TEC1,TPBUR,,,
Elect,info,TEC1,TPBUR,,,
Chim,Elect,info,TEC1,,,
Chim,Elect,Mecaq,TPBUR,,,
Analy,info,Mecaq,TPBUR,,,
Chim,Elect,TEC1,TPBUR,,,
Elect,info,Mecaq,TPBUR,,,
Analy,Chim,info,TEC1,TPBUR,,
Chim,Elect,Mecaq,TEC1,TPBUR,,
Chim,Elect,,,,,
Elect,info,TEC1,TPBUR,,,
Elect,TPBUR,,,,,
TEC1,TPBUR,,,,,
Chim,Elect,Mecaq,TEC1,TPBUR,,
Analy,Chim,Elect,TEC1,TPBUR,,
Analy,Chim,Mecaq,TPBUR,,,
Analy,Chim,TEC1,TPBUR,,,
Elect,info,TEC1,TPBUR,,,
Chim,Elect,info,TEC1,TPBUR,,
Chim,Elect,info,TEC1,TPBUR,,
Analy,Chim,Elect,info,TEC1,TPBUR,
TEC1,TPBUR,,,,,
Chim,Elect,info,TEC1,TPBUR,,
Elect,Mecaq,TEC1,TPBUR,,,
info,TEC1,TPBUR,,,,
Chim,Elect,Mecaq,TPBUR,,,
Analy,Chim,Elect,TPBUR,,,
Chim,Elect,TPBUR,,,,
Chim,info,TEC1,TPBUR,,,
Elect,TEC1,TPBUR,,,,
Chim,Elect,info,Mecaq,TEC1,,
Analy,Chim,Elect,info,,,
Chim,Mecaq,TPBUR,,,,
Chim,Elect,Mecaq,TPBUR,,,
Elect,info,Mecaq,TPBUR,,,
Chim,Elect,Mecaq,TPBUR,,,
Chim,Elect,info,Mecaq,TEC1,TPBUR,
Chim,Elect,TEC1,TPBUR,,,
Chim,Elect,info,Mecaq,TEC1,TPBUR,
Chim,Elect,TEC1,TPBUR,,,
Chim,Elect,info,TEC1,TPBUR,,
Chim,Elect,TPBUR,,,,
info,TEC1,TPBUR,,,,
Elect,Mecaq,TEC1,TPBUR,,,
Analy,Elect,info,Mecaq,TEC1,,
Elect,Mecaq,TPBUR,,,,
Analy,Chim,info,TEC1,TPBUR,,
Chim,Elect,info,Mecaq,TEC1,TPBUR,
Chim,Elect,TEC1,TPBUR,,,
Chim,info,Mecaq,TPBUR,,,
Chim,Mecaq,TEC1,TPBUR,,,
Chim,Elect,info,TPBUR,,,
Analy,Chim,Elect,info,Mecaq,TEC1,TPBUR
info,Mecaq,TEC1,TPBUR,,,
Chim,Elect,TEC1,,,,
info,Mecaq,TEC1,TPBUR,,,
Analy,Chim,Elect,info,Mecaq,TEC1,TPBUR
info,Mecaq,TPBUR,,,,
Chim,Elect,Mecaq,TEC1,,,
Chim,info,Mecaq,TPBUR,,,
Analy,Chim,Elect,info,TEC1,,
Elect,TEC1,TPBUR,,,,
Chim,Elect,Mecaq,TEC1,,,
TEC1,TPBUR,,,,,
Chim,Elect,TEC1,TPBUR,,,
info,TPBUR,,,,,
Analy,Chim,Elect,TPBUR,,,
Analy,Chim,info,TEC1,,,
info,TPBUR,,,,,
Elect,info,Mecaq,TPBUR,,,
Elect,info,Mecaq,TEC1,TPBUR,,
Elect,info,Mecaq,TEC1,TPBUR,,
Chim,Elect,TPBUR,,,,
Chim,Elect,info,Mecaq,TEC1,TPBUR,
info,TEC1,TPBUR,,,,
Chim,TEC1,TPBUR,,,,
Chim,Elect,TEC1,TPBUR,,,
Chim,Elect,Mecaq,TEC1,TPBUR,,
Elect,info,TEC1,TPBUR,,,
Chim,info,Mecaq,TEC1,,,
TPBUR,TPBUR,TPBUR,TPBUR,,,
Chim,Mecaq,TEC1,TPBUR,,,
Chim,Elect,Mecaq,TEC1,TPBUR,,
Chim,Elect,Mecaq,TEC1,,,
info,Mecaq,TEC1,TPBUR,,,
info,TPBUR,,,,,
info,TPBUR,,,,,
Chim,Elect,TEC1,,,,
Chim,Elect,Mecaq,TPBUR,,,
info,Mecaq,TEC1,TPBUR,,,
Analy,Chim,Elect,info,Mecaq,TEC1,TPBUR
Analy,Chim,info,Mecaq,,,
Chim,Elect,Mecaq,TEC1,,,
Analy,Chim,Elect,TEC1,TPBUR,,
TEC1,TPBUR,,,,,
Elect,TPBUR,,,,,
Elect,info,TEC1,TPBUR,,,
Chim,Elect,info,TEC1,TPBUR,,
Elect,TPBUR,,,,,
Elect,info,TPBUR,,,,
Chim,Elect,info,TEC1,TPBUR,,
Analy,Chim,Elect,,,,
Chim,Elect,info,Mecaq,TEC1,TPBUR,
Chim,Elect,info,TEC1,TPBUR,,
Elect,info,TPBUR,,,,
Chim,Elect,info,Mecaq,TEC1,TPBUR,
Chim,Elect,info,Mecaq,,,
info,Mecaq,TPBUR,,,,
Elect,TEC1,TPBUR,,,,
Elect,info,TPBUR,,,,
Elect,TEC1,TPBUR,,,,
Analy,Chim,Elect,TEC1,TPBUR,,
Chim,Elect,TPBUR,,,,
Chim,Elect,TPBUR,,,,
Chim,Elect,TPBUR,,,,
Analy,Chim,Elect,Mecaq,TEC1,TPBUR,
info,TEC1,TPBUR,,,,
Analy,Chim,Elect,,,,
Chim,Elect,info,TEC1,TPBUR,,
Elect,info,TEC1,TPBUR,,,
Analy,Chim,Elect,TEC1,TPBUR,,
info,TEC1,TPBUR,,,,
Chim,Mecaq,TEC1,TPBUR,,,
Analy,Chim,Elect,info,TPBUR,,
info,TPBUR,,,,,
Chim,Elect,TPBUR,,,,
Chim,Mecaq,TPBUR,,,,
Analy,Chim,Elect,info,Mecaq,TEC1,TPBUR
Elect,TPBUR,,,,,
Analy,Chim,Elect,info,TEC1,TPBUR,
TEC1,TPBUR,,,,,
Analy,Chim,Elect,info,TEC1,TPBUR,
Analy,Chim,Elect,info,Mecaq,TEC1,TPBUR
Chim,Elect,TEC1,TPBUR,,,
info,Mecaq,TPBUR,,,,
Chim,Elect,TPBUR,,,,
info,TPBUR,,,,,
Chim,Elect,TPBUR,,,,
Chim,Elect,TPBUR,,,,
Analy,Chim,Elect,info,Mecaq,TEC1,TPBUR
Chim,info,Mecaq,TPBUR,,,
Chim,info,Mecaq,TEC1,TPBUR,,
Chim,Elect,TEC1,,,,
Analy,Chim,Elect,TPBUR,,,
Chim,Elect,info,TEC1,TPBUR,,
Chim,Elect,Mecaq,TEC1,TPBUR,,
Chim,Elect,info,TPBUR,,,
TEC1,TPBUR,,,,,
Elect,info,TPBUR,,,,
Chim,Elect,info,TPBUR,,,
Analy,Chim,TPBUR,,,,
Chim,Elect,info,TPBUR,,,
TEC1,TPBUR,,,,,
Elect,TPBUR,,,,,
Elect,info,TPBUR,,,,
Analy,Chim,Elect,,,,
Chim,info,TEC1,TPBUR,,,
Mecaq,TPBUR,,,,,
Elect,TPBUR,,,,,
Chim,Elect,TEC1,TPBUR,,,
Chim,Elect,Mecaq,TEC1,TPBUR,,
Analy,Chim,TPBUR,,,,
Elect,TPBUR,,,,,
Analy,Chim,Elect,info,TEC1,TPBUR,
Analy,Chim,Elect,TPBUR,,,
Chim,Elect,Mecaq,TEC1,,,
Chim,Elect,info,Mecaq,TPBUR,,
Chim,TPBUR,,,,,
Chim,Elect,info,Mecaq,TEC1,TPBUR,
info,TEC1,TPBUR,,,,
Chim,info,TPBUR,,,,
info,TEC1,TPBUR,,,,
Elect,TEC1,TPBUR,,,,
Analy,Chim,Elect,TPBUR,,,
Elect,info,TPBUR,,,,
Elect,TEC1,TPBUR,,,,
Analy,Chim,Elect,TEC1,TPBUR,,
Analy,Elect,TPBUR,,,,
Analy,Chim,Elect,TEC1,TPBUR,,
Analy,Chim,Elect,info,TPBUR,,
Chim,Elect,Mecaq,TEC1,TPBUR,,
Chim,Elect,info,TPBUR,,,
Analy,Chim,info,Mecaq,TEC1,TPBUR,
TEC1,TPBUR,,,,,
Elect,info,Mecaq,TEC1,TPBUR,,
Analy,Chim,Elect,info,Mecaq,TEC1,TPBUR
Chim,info,TPBUR,,,,
Chim,info,TPBUR,,,,
TEC1,TPBUR,,,,,
TEC1,TPBUR,,,,,
Analy,Chim,Elect,info,Mecaq,TEC1,
Elect,info,TEC1,TPBUR,,,
Elect,TPBUR,,,,,
Analy,Chim,Elect,TEC1,TPBUR,,
info,TPBUR,,,,,
Analy,Chim,Elect,TPBUR,,,
Chim,TPBUR,,,,,
Analy,Chim,Elect,,,,
Elect,info,TEC1,TPBUR,,,
Chim,Elect,Mecaq,TEC1,TPBUR,,
Analy,Chim,Mecaq,TPBUR,,,
Elect,TPBUR,,,,,
Analy,Chim,Elect,info,TEC1,TPBUR,
Analy,Chim,Elect,info,TPBUR,,
Analy,Chim,Elect,info,Mecaq,TEC1,TPBUR
Chim,Elect,Mecaq,TPBUR,,,
Analy,Chim,Elect,TPBUR,,,
Elect,Mecaq,TEC1,TPBUR,,,
Analy,Chim,Elect,info,Mecaq,TEC1,TPBUR
Analy,Chim,Elect,info,Mecaq,TEC1,TPBUR
Analy,Chim,Elect,info,Mecaq,TEC1,TPBUR
Chim,Elect,info,TEC1,TPBUR,,
Elect,TEC1,TPBUR,,,,
Chim,Elect,Mecaq,TPBUR,,,
Elect,TEC1,TPBUR,,,,
Chim,Elect,Mecaq,TPBUR,,,
Chim,Elect,,,,,
Chim,Elect,info,TPBUR,,,
Elect,info,Mecaq,TPBUR,,,
Chim,Elect,info,TPBUR,,,
Chim,Elect,info,TPBUR,,,
Analy,Chim,Mecaq,TEC1,TPBUR,,
Analy,Chim,Elect,TPBUR,,,
Chim,Elect,info,Mecaq,TEC1,TPBUR,
Analy,Chim,Elect,info,TEC1,TPBUR,
Elect,Elect,Elect,TPBUR,TPBUR,TPBUR,TPBUR
Chim,Elect,info,Mecaq,TEC1,TPBUR,
Chim,Elect,info,Mecaq,TPBUR,,
info,TPBUR,,,,,
Elect,TPBUR,,,,,
Analy,Chim,Elect,info,Mecaq,TEC1,TPBUR
Elect,TPBUR,,,,,
Chim,Elect,info,TPBUR,,,
Elect,info,Mecaq,TPBUR,,,
Chim,Elect,info,TEC1,TPBUR,,
Analy,Chim,Elect,Mecaq,TEC1,TPBUR,
Analy,Chim,Elect,Mecaq,TEC1,TPBUR,
Chim,Elect,info,TEC1,TPBUR,,
Elect,TPBUR,,,,,
Chim,Mecaq,TPBUR,,,,
Chim,Elect,,,,,
Analy,Chim,Elect,TEC1,,,
Chim,Elect,info,TPBUR,,,
Chim,Elect,info,TPBUR,,,
Mecaq,TPBUR,,,,,
Analy,Chim,Elect,info,Mecaq,TPBUR,
Chim,Elect,info,Mecaq,TPBUR,,
Analy,Chim,Mecaq,TPBUR,,,
Chim,Mecaq,TEC1,,,,
Analy,Chim,Elect,info,Mecaq,TEC1,TPBUR
Analy,Chim,Elect,info,Mecaq,TEC1,TPBUR
Analy,Chim,Elect,Mecaq,TEC1,TPBUR,
Analy,Chim,info,TEC1,TPBUR,,
Elect,info,TEC1,TPBUR,,,
Analy,Chim,Elect,info,Mecaq,TEC1,TPBUR
Chim,Elect,Mecaq,,,,
Chim,Elect,TPBUR,,,,
Chim,TEC1,,,,,
info,Mecaq,TEC1,TPBUR,,,
Analy,Chim,Elect,Mecaq,TEC1,TPBUR,
Chim,TPBUR,,,,,
TEC1,TPBUR,,,,,
Analy,Mecaq,TEC1,,,,
Elect,Mecaq,TPBUR,,,,
Analy,Chim,Elect,info,Mecaq,TEC1,TPBUR
Chim,Elect,info,Mecaq,TEC1,TPBUR,
info,Mecaq,TEC1,TPBUR,,,
Elect,TPBUR,,,,,
Chim,Elect,TEC1,TPBUR,,,
Analy,Chim,Elect,info,Mecaq,TEC1,TPBUR
Analy,Chim,Elect,Mecaq,TEC1,TPBUR,
Chim,Elect,TEC1,TPBUR,,,
Analy,Chim,Elect,info,TPBUR,,
Chim,Elect,Mecaq,TEC1,,,
Analy,Chim,Elect,,,,
Analy,Chim,Elect,info,TEC1,,
Chim,info,TEC1,TPBUR,,,
Analy,Chim,Elect,info,TEC1,TPBUR,
Chim,TPBUR,,,,,
Elect,Mecaq,TPBUR,,,,
info,Mecaq,TEC1,TPBUR,,,
Elect,TEC1,TPBUR,,,,
Elect,TPBUR,,,,,
Analy,Chim,Elect,Mecaq,TEC1,TPBUR,
Chim,Elect,TPBUR,,,,
Analy,Elect,TPBUR,,,,
info,TPBUR,,,,,
Mecaq,TEC1,TPBUR,,,,
Analy,Chim,Elect,info,Mecaq,TPBUR,
Chim,Elect,TEC1,,,,
TEC1,TPBUR,,,,,
Chim,Elect,Mecaq,TPBUR,,,
Elect,info,Mecaq,TPBUR,,,
Analy,Chim,Elect,TPBUR,,,
Chim,Elect,TEC1,TPBUR,,,
Analy,Chim,Elect,info,TPBUR,,
Analy,Chim,Elect,info,TPBUR,,
Elect,info,TPBUR,,,,
Elect,TPBUR,,,,,
Chim,Elect,info,Mecaq,TPBUR,,
Elect,info,TPBUR,,,,
Chim,Elect,TEC1,TPBUR,,,
Chim,Elect,TPBUR,,,,
Chim,Elect,TPBUR,,,,
Chim,Elect,Mecaq,TPBUR,,,
Analy,Chim,TEC1,TPBUR,,,
Analy,Chim,Elect,info,TEC1,TPBUR,
Analy,Mecaq,TPBUR,,,,
Analy,Chim,Elect,info,Mecaq,TPBUR,
Elect,Mecaq,TEC1,TPBUR,,,
Analy,Chim,Mecaq,,,,
Chim,Elect,info,TPBUR,,,
Analy,Chim,Elect,info,Mecaq,TPBUR,
Chim,Elect,info,TEC1,TPBUR,,
Chim,Elect,TEC1,TPBUR,,,
Chim,Elect,Mecaq,TEC1,,,
Chim,Elect,Mecaq,,,,
Analy,Chim,Elect,TPBUR,,,
Analy,Chim,Elect,info,TEC1,TPBUR,
Elect,Mecaq,TEC1,TPBUR,,,
Chim,Elect,Mecaq,TEC1,,,
Chim,Elect,Mecaq,TPBUR,,,
Elect,info,,,,,
Chim,Elect,TPBUR,,,,
Analy,Chim,Elect,TPBUR,,,
Chim,TPBUR,,,,,
Elect,Mecaq,TEC1,,,,
Elect,Mecaq,TPBUR,,,,
Chim,info,Mecaq,TEC1,TPBUR,,
Chim,Elect,TPBUR,,,,
Chim,Mecaq,TPBUR,,,,
Chim,Elect,info,Mecaq,TEC1,TPBUR,
Analy,Elect,Mecaq,TPBUR,,,
Elect,Mecaq,TEC1,TPBUR,,,
Chim,info,TPBUR,,,,
Elect,TEC1,TPBUR,,,,
Elect,TEC1,TPBUR,,,,
Elect,TPBUR,,,,,
Elect,TPBUR,,,,,
Elect,TPBUR,,,,,
Elect,TEC1,TPBUR,,,,
Mecaq,TEC1,TPBUR,,,,
Elect,TEC1,TPBUR,,,,
TEC1,TPBUR,,,,,
