"N°Ins","Année","Code_UE","UE","Coef_UE","credit_UE","AnnéEtude","type_UE","Moy_UE","credit_obtenue","Aquit","An_d_obtent_UE"
"14010796647","1","TRX","Technologie des Réseaux(o)","2.6","6.5","1MGI201","Fondamental","10.85","6.5","True","2013"
"14010796647","1","REOP","Recherche Opérationnelle (o)","3.8","9.5","1MGI201","Fondamental","8.79","3.5","False","2013"
"14010796647","1","ALOG","Architecture logicielle (O)","3.6","9","1MGI201","Méthodologique","12.92","9","True","2013"
"14010796647","1","UDE","UE Découverte (p)","1","2.5","1MGI201","Découverte","8.00","0","False","2013"
"14011097102","1","TRX","Technologie des Réseaux(o)","3.6","9","1MGI201","Fondamental","9.05","3","False","2015"
"14011097102","1","REOP","Recherche Opérationnelle (o)","3.8","9.5","1MGI201","Fondamental","9.75","6","False","2015"
"14011599307","1","ANG","Anglais Premier Niveau","1","2.5","1MGI191","Transversal","16.25","2.5","True","2015"
"14011599307","1","BSE","BD_Dat_SW_EL","1","2.5","1MGI191","Découverte","7.50","0","False","2015"
"14011599307","1","LCO","Logique et Connaissance (O)","3","6.5","1MGI191","Fondamental","9.28","3","False","2015"
"14011599307","1","MVS","Modélisation Vérification Syst","3.5","9","1MGI191","Méthodologique","10.90","9","True","2015"
"14011097102","1","ALOG","Architecture logicielle (O)","3.6","9","1MGI201","Méthodologique","9.63","6","False","2015"
"14011097102","1","UTE","UE Transversale (o)","1","2.5","1MGI201","Transversal","15.00","2.5","True","2015"
"14011097102","1","TECRX","Technologie des Réseaux","5.2","13","1MGI202","Fondamental","9.74","4.5","False","2015"
"14011097102","1","TCE","Technologie des Télécom","4.6","11.5","1MGI202","Méthodologique","8.80","0","False","2015"
"14011097102","1","EDP","EU Découverte (P)","1.2","3","1MGI202","Découverte","12.40","3","True","2015"
"14011097102","1","UET","UE Transversales","1","2.5","1MGI202","Transversal","15.75","2.5","True","2015"
"14011097152","1","UEF1","UEF du Génie Logiciel","5","10","1MGI231","Fondamental","10.55","10","True","2015"
"14011097152","1","UEF2","UEF Programmation Web","6","12","1MGI231","Fondamental","10.30","12","True","2015"
"14011097152","1","UED1","UED Logique et Simulation","3","6","1MGI231","Découverte","9.20","3","False","2015"
"14011599307","1","ROP","Recherche Opérationnelle(O)","4","9.5","1MGI191","Fondamental","8.84","2.5","False","2015"
"14011599307","1","ANG2","Anglais","1","2.5","1MGI192","Transversal","18.00","2.5","True","2015"
"14011599307","1","HWR","Hardware","1.2","3","1MGI192","Découverte","5.50","0","False","2015"
"14011599307","1","TWB","Technologie web","4.6","11.5","1MGI192","Fondamental","11.91","11.5","True","2015"
"14011599307","1","VTI","Vision et Traitement image","4.6","13","1MGI192","Méthodologique","7.94","4","False","2015"
"14011097152","1","UET1","UET Communication","1","2","1MGI231","Transversal","17.25","2","True","2015"
"14011097152","1","UEF1.","UEF Conception  Arch Logiciel","5","10","1MGI232","Fondamental","10.63","10","True","2015"
"14011097152","1","UEF2.","UEF I.A  et Programm Web","5","10","1MGI232","Fondamental","9.71","3","False","2015"
"14011097152","1","UEF3","UEF Modèlisation des Données","4","8","1MGI232","Fondamental","9.03","4","False","2015"
"14011097152","1","UET1.","UET Communication","1","2","1MGI232","Transversal","15.50","2","True","2015"
"14011097177","1","ANG","Anglais Premier Niveau","1","2.5","1MGI191","Transversal","20.00","2.5","True","2015"
"14011097177","1","BSE","BD_Dat_SW_EL","1","2.5","1MGI191","Découverte","10.00","2.5","True","2015"
"14011097177","1","LCO","Logique et Connaissance (O)","3","6.5","1MGI191","Fondamental","12.16","6.5","True","2015"
"14011097177","1","MVS","Modélisation Vérification Syst","3.5","9","1MGI191","Méthodologique","11.34","9","True","2015"
"14011197808","1","TRX","Technologie des Réseaux(o)","3.6","9","1MGI201","Fondamental","10.08","9","True","2015"
"14011197808","1","REOP","Recherche Opérationnelle (o)","3.8","9.5","1MGI201","Fondamental","9.49","3.5","False","2015"
"14011197808","1","ALOG","Architecture logicielle (O)","3.6","9","1MGI201","Méthodologique","9.08","0","False","2015"
"14011097177","1","ROP","Recherche Opérationnelle(O)","4","9.5","1MGI191","Fondamental","10.08","9.5","True","2015"
"14011097177","1","ANG2","Anglais","1","2.5","1MGI192","Transversal","20.00","2.5","True","2015"
"14011097177","1","HWR","Hardware","1.2","3","1MGI192","Découverte","10.50","3","True","2015"
"14011097177","1","TWB","Technologie web","4.6","11.5","1MGI192","Fondamental","12.39","11.5","True","2015"
"14011097177","1","VTI","Vision et Traitement image","4.6","13","1MGI192","Méthodologique","10.56","13","True","2015"
"14011097300","1","ANG","Anglais Premier Niveau","1","2.5","1MGI191","Transversal","17.00","2.5","True","2015"
"14011097300","1","BSE","BD_Dat_SW_EL","1","2.5","1MGI191","Découverte","7.50","0","False","2015"
"14011097300","1","LCO","Logique et Connaissance (O)","3","6.5","1MGI191","Fondamental","9.52","3","False","2015"
"14011097300","1","MVS","Modélisation Vérification Syst","3.5","9","1MGI191","Méthodologique","10.58","9","True","2015"
"14011097300","1","ROP","Recherche Opérationnelle(O)","4","9.5","1MGI191","Fondamental","9.15","3.5","False","2015"
"14011097300","1","ANG2","Anglais","1","2.5","1MGI192","Transversal","19.00","2.5","True","2015"
"14011097300","1","HWR","Hardware","1.2","3","1MGI192","Découverte","12.00","3","True","2015"
"14011097300","1","TWB","Technologie web","4.6","11.5","1MGI192","Fondamental","12.59","11.5","True","2015"
"14011097300","1","VTI","Vision et Traitement image","4.6","13","1MGI192","Méthodologique","9.66","8.5","False","2015"
"14011097478","1","TRX","Technologie des Réseaux(o)","3.6","9","1MGI201","Fondamental","10.57","9","True","2015"
"14011097478","1","REOP","Recherche Opérationnelle (o)","3.8","9.5","1MGI201","Fondamental","10.07","9.5","True","2015"
"14011097478","1","ALOG","Architecture logicielle (O)","3.6","9","1MGI201","Méthodologique","11.16","9","True","2015"
"14011097478","1","UTE","UE Transversale (o)","1","2.5","1MGI201","Transversal","17.00","2.5","True","2015"
"14011097478","1","TECRX","Technologie des Réseaux","5.2","13","1MGI202","Fondamental","9.52","4.5","False","2015"
"14010796647","1","UTE","UE Transversale (o)","1","2.5","1MGI201","Transversal","12.00","2.5","True","2012"
"14010796647","1","VTIM","Vision et Traitement Image","5.2","13","1MGI202","Fondamental","11.60","13","True","2013"
"14010796647","1","TCE","Technologie des Télécom","4.6","11.5","1MGI202","Méthodologique","12.05","11.5","True","2013"
"14010796647","1","EDP","EU Découverte (P)","1.2","3","1MGI202","Découverte","13.80","3","True","2013"
"14010796647","1","UET","UE Transversales","1","2.5","1MGI202","Transversal","18.00","2.5","True","2013"
"14011097478","1","TCE","Technologie des Télécom","4.6","11.5","1MGI202","Méthodologique","9.57","5","False","2015"
"14011097478","1","EDP","EU Découverte (P)","1.2","3","1MGI202","Découverte","10.05","3","True","2015"
"14011097478","1","UET","UE Transversales","1","2.5","1MGI202","Transversal","15.75","2.5","True","2015"
"14011097290","1","UEF1","UEF du Génie Logiciel","5","10","1MGI231","Fondamental","11.00","10","True","2015"
"14011097290","1","UEF2","UEF Programmation Web","6","12","1MGI231","Fondamental","9.68","8","False","2015"
"14011097290","1","UED1","UED Logique et Simulation","3","6","1MGI231","Découverte","7.65","0","False","2015"
"14011097290","1","UET1","UET Communication","1","2","1MGI231","Transversal","14.00","2","True","2014"
"14011097290","1","UEF1.","UEF Conception  Arch Logiciel","5","10","1MGI232","Fondamental","9.20","5","False","2015"
"14011097290","1","UEF2.","UEF I.A  et Programm Web","5","10","1MGI232","Fondamental","9.98","3","False","2015"
"14011097290","1","UEF3","UEF Modèlisation des Données","4","8","1MGI232","Fondamental","9.30","4","False","2015"
"14011097290","1","UET1.","UET Communication","1","2","1MGI232","Transversal","17.00","2","True","2015"
"14011097496","1","TRX","Technologie des Réseaux(o)","2.6","6.5","1MGI201","Fondamental","11.45","6.5","True","2014"
"14011097496","1","REOP","Recherche Opérationnelle (o)","3.8","9.5","1MGI201","Fondamental","8.73","0","False","2015"
"14011197808","1","UTE","UE Transversale (o)","1","2.5","1MGI201","Transversal","16.00","2.5","True","2015"
"14011197808","1","TECRX","Technologie des Réseaux","5.2","13","1MGI202","Fondamental","10.07","13","True","2015"
"14011197808","1","TCE","Technologie des Télécom","4.6","11.5","1MGI202","Méthodologique","9.97","5","False","2015"
"14011197808","1","EDP","EU Découverte (P)","1.2","3","1MGI202","Découverte","8.30","0","False","2015"
"14011197808","1","UET","UE Transversales","1","2.5","1MGI202","Transversal","15.75","2.5","True","2015"
"14011097496","1","ALOG","Architecture logicielle (O)","3.6","9","1MGI201","Méthodologique","10.63","9","True","2015"
"14011097496","1","UDE","UE Découverte (p)","1","2.5","1MGI201","Découverte","11.00","2.5","True","2014"
"14011097496","1","UTE","UE Transversale (o)","1","2.5","1MGI201","Transversal","11.00","2.5","True","2014"
"14011097496","1","VTIM","Vision et Traitement Image","5.2","13","1MGI202","Fondamental","10.59","13","True","2014"
"14011097496","1","TCE","Technologie des Télécom","4.6","11.5","1MGI202","Méthodologique","10.09","11.5","True","2014"
"14011097496","1","EDP","EU Découverte (P)","1.2","3","1MGI202","Découverte","11.90","3","True","2014"
"14011097496","1","UET","UE Transversales","1","2.5","1MGI202","Transversal","18.00","2.5","True","2014"
"14011097544","1","TRX","Technologie des Réseaux(o)","2.6","6.5","1MGI201","Fondamental","9.45","3.5","False","2014"
"14011097544","1","REOP","Recherche Opérationnelle (o)","3.8","9.5","1MGI201","Fondamental","7.81","3.5","False","2014"
"14011097544","1","ALOG","Architecture logicielle (O)","3.6","9","1MGI201","Méthodologique","9.84","5.5","False","2014"
"14011097544","1","UDE","UE Découverte (p)","1","2.5","1MGI201","Découverte","15.00","2.5","True","2014"
"14011097544","1","UTE","UE Transversale (o)","1","2.5","1MGI201","Transversal","17.00","2.5","True","2014"
"14011097544","1","VTIM","Vision et Traitement Image","5.2","13","1MGI202","Fondamental","11.16","13","True","2014"
"14011097544","1","TCE","Technologie des Télécom","4.6","11.5","1MGI202","Méthodologique","10.10","11.5","True","2014"
"14011097544","1","EDP","EU Découverte (P)","1.2","3","1MGI202","Découverte","13.00","3","True","2014"
"14011097544","1","UET","UE Transversales","1","2.5","1MGI202","Transversal","12.50","2.5","True","2014"
"14011197960","1","TRX","Technologie des Réseaux(o)","3.6","9","1MGI201","Fondamental","10.02","9","True","2015"
"14011197960","1","REOP","Recherche Opérationnelle (o)","3.8","9.5","1MGI201","Fondamental","10.88","9.5","True","2015"
"14011197960","1","ALOG","Architecture logicielle (O)","3.6","9","1MGI201","Méthodologique","9.55","0","False","2015"
"14011197960","1","UTE","UE Transversale (o)","1","2.5","1MGI201","Transversal","17.25","2.5","True","2015"
"14011197960","1","TECRX","Technologie des Réseaux","5.2","13","1MGI202","Fondamental","10.14","13","True","2015"
"14011197960","1","TCE","Technologie des Télécom","4.6","11.5","1MGI202","Méthodologique","8.10","5","False","2015"
"14011197960","1","EDP","EU Découverte (P)","1.2","3","1MGI202","Découverte","7.80","0","False","2015"
"14011197960","1","UET","UE Transversales","1","2.5","1MGI202","Transversal","14.00","2.5","True","2015"
"14011197993","1","TRX","Technologie des Réseaux(o)","3.6","9","1MGI201","Fondamental","10.68","9","True","2015"
"14011197993","1","REOP","Recherche Opérationnelle (o)","3.8","9.5","1MGI201","Fondamental","9.03","3.5","False","2015"
"14011197993","1","ALOG","Architecture logicielle (O)","3.6","9","1MGI201","Méthodologique","10.31","9","True","2015"
"14011197993","1","UTE","UE Transversale (o)","1","2.5","1MGI201","Transversal","18.75","2.5","True","2015"
"14011197993","1","TECRX","Technologie des Réseaux","5.2","13","1MGI202","Fondamental","9.92","9","False","2015"
"14011197993","1","TCE","Technologie des Télécom","4.6","11.5","1MGI202","Méthodologique","9.33","5","False","2015"
"14011197993","1","EDP","EU Découverte (P)","1.2","3","1MGI202","Découverte","10.60","3","True","2015"
"14011197993","1","UET","UE Transversales","1","2.5","1MGI202","Transversal","16.25","2.5","True","2015"
"14011198113","1","TECRX","Technologie des Réseaux","5.2","13","1MGI202","Fondamental","11.55","13","True","2015"
"14011198180","1","TRX","Technologie des Réseaux(o)","3.6","9","1MGI201","Fondamental","8.02","0","False","2015"
"14011198180","1","REOP","Recherche Opérationnelle (o)","3.8","9.5","1MGI201","Fondamental","8.81","0","False","2015"
"14011198180","1","ALOG","Architecture logicielle (O)","3.6","9","1MGI201","Méthodologique","12.17","9","True","2015"
"14011198180","1","UTE","UE Transversale (o)","1","2.5","1MGI201","Transversal","16.00","2.5","True","2015"
"14011198180","1","TECRX","Technologie des Réseaux","5.2","13","1MGI202","Fondamental","8.47","0","False","2015"
"14011198180","1","TCE","Technologie des Télécom","4.6","11.5","1MGI202","Méthodologique","10.24","11.5","True","2015"
"14011198180","1","EDP","EU Découverte (P)","1.2","3","1MGI202","Découverte","10.00","3","True","2015"
"14011198180","1","UET","UE Transversales","1","2.5","1MGI202","Transversal","18.75","2.5","True","2015"
"14011198183","1","TRX","Technologie des Réseaux(o)","3.6","9","1MGI201","Fondamental","10.03","9","True","2015"
"14011198183","1","REOP","Recherche Opérationnelle (o)","3.8","9.5","1MGI201","Fondamental","9.04","6","False","2015"
"14011198183","1","ALOG","Architecture logicielle (O)","3.6","9","1MGI201","Méthodologique","9.28","2.5","False","2015"
"14011198183","1","UTE","UE Transversale (o)","1","2.5","1MGI201","Transversal","16.75","2.5","True","2015"
"14011198183","1","TECRX","Technologie des Réseaux","5.2","13","1MGI202","Fondamental","9.79","4.5","False","2015"
"14011198183","1","TCE","Technologie des Télécom","4.6","11.5","1MGI202","Méthodologique","9.93","6.5","False","2015"
"14011198183","1","EDP","EU Découverte (P)","1.2","3","1MGI202","Découverte","10.20","3","True","2015"
"14011198183","1","UET","UE Transversales","1","2.5","1MGI202","Transversal","16.00","2.5","True","2015"
"14011198194","1","TRX","Technologie des Réseaux(o)","3.6","9","1MGI201","Fondamental","8.60","3","False","2015"
"14011198194","1","REOP","Recherche Opérationnelle (o)","3.8","9.5","1MGI201","Fondamental","9.37","6","False","2015"
"14011198194","1","ALOG","Architecture logicielle (O)","3.6","9","1MGI201","Méthodologique","8.24","3.5","False","2015"
"14011198194","1","UTE","UE Transversale (o)","1","2.5","1MGI201","Transversal","17.00","2.5","True","2015"
"14011198194","1","TECRX","Technologie des Réseaux","5.2","13","1MGI202","Fondamental","10.32","13","True","2015"
"14011198194","1","TCE","Technologie des Télécom","4.6","11.5","1MGI202","Méthodologique","9.87","5","False","2015"
"14011198194","1","EDP","EU Découverte (P)","1.2","3","1MGI202","Découverte","8.00","0","False","2015"
"14011198194","1","UET","UE Transversales","1","2.5","1MGI202","Transversal","14.00","2.5","True","2015"
"14011198259","1","TRX","Technologie des Réseaux(o)","3.6","9","1MGI201","Fondamental","9.73","6","False","2015"
"14011198259","1","REOP","Recherche Opérationnelle (o)","3.8","9.5","1MGI201","Fondamental","9.63","6","False","2015"
"14011198259","1","ALOG","Architecture logicielle (O)","3.6","9","1MGI201","Méthodologique","11.15","9","True","2015"
"14011198259","1","UTE","UE Transversale (o)","1","2.5","1MGI201","Transversal","16.00","2.5","True","2015"
"14011198259","1","TECRX","Technologie des Réseaux","5.2","13","1MGI202","Fondamental","11.04","13","True","2015"
"14011198259","1","TCE","Technologie des Télécom","4.6","11.5","1MGI202","Méthodologique","11.04","11.5","True","2015"
"14011198259","1","EDP","EU Découverte (P)","1.2","3","1MGI202","Découverte","10.30","3","True","2015"
"14011198259","1","UET","UE Transversales","1","2.5","1MGI202","Transversal","14.00","2.5","True","2015"
"14011198397","1","UEF1","UEF du Génie Logiciel","5","10","1MGI231","Fondamental","11.15","10","True","2015"
"14011198397","1","UEF2","UEF Programmation Web","6","12","1MGI231","Fondamental","10.35","12","True","2015"
"14011198397","1","UED1","UED Logique et Simulation","3","6","1MGI231","Découverte","5.95","0","False","2015"
"14011198397","1","UET1","UET Communication","1","2","1MGI231","Transversal","14.25","2","True","2015"
"14011198397","1","UEF1.","UEF Conception  Arch Logiciel","5","10","1MGI232","Fondamental","9.20","5","False","2015"
"14011198397","1","UEF2.","UEF I.A  et Programm Web","5","10","1MGI232","Fondamental","10.18","10","True","2015"
"14011198397","1","UEF3","UEF Modèlisation des Données","4","8","1MGI232","Fondamental","9.90","4","False","2015"
"14011198397","1","UET1.","UET Communication","1","2","1MGI232","Transversal","14.00","2","True","2015"
"14011198436","1","ANG","Anglais Premier Niveau","1","2.5","1MGI191","Transversal","18.25","2.5","True","2015"
"14011198436","1","BSE","BD_Dat_SW_EL","1","2.5","1MGI191","Découverte","5.00","0","False","2015"
"14011198436","1","LCO","Logique et Connaissance (O)","3","6.5","1MGI191","Fondamental","10.00","6.5","True","2015"
"14011198436","1","MVS","Modélisation Vérification Syst","3.5","9","1MGI191","Méthodologique","10.57","9","True","2015"
"14011198436","1","ROP","Recherche Opérationnelle(O)","4","9.5","1MGI191","Fondamental","9.79","6","False","2015"
"14011198436","1","ANG2","Anglais","1","2.5","1MGI192","Transversal","17.75","2.5","True","2015"
"14011198436","1","HWR","Hardware","1.2","3","1MGI192","Découverte","11.50","3","True","2015"
"14011198436","1","TWB","Technologie web","4.6","11.5","1MGI192","Fondamental","10.59","11.5","True","2015"
"14011198436","1","VTI","Vision et Traitement image","4.6","13","1MGI192","Méthodologique","9.95","9","False","2015"
"14011198512","1","ANG","Anglais Premier Niveau","1","2.5","1MGI191","Transversal","15.50","2.5","True","2015"
"14011198512","1","BSE","BD_Dat_SW_EL","1","2.5","1MGI191","Découverte","6.00","0","False","2015"
"14011198512","1","LCO","Logique et Connaissance (O)","3","6.5","1MGI191","Fondamental","9.91","3","False","2015"
"14011198512","1","MVS","Modélisation Vérification Syst","3.5","9","1MGI191","Méthodologique","11.84","9","True","2015"
"14011198512","1","ROP","Recherche Opérationnelle(O)","4","9.5","1MGI191","Fondamental","8.30","2.5","False","2015"
"14011198512","1","ANG2","Anglais","1","2.5","1MGI192","Transversal","18.75","2.5","True","2015"
"14011198512","1","HWR","Hardware","1.2","3","1MGI192","Découverte","8.25","0","False","2015"
"14011198512","1","TWB","Technologie web","4.6","11.5","1MGI192","Fondamental","11.03","11.5","True","2015"
"14011198512","1","VTI","Vision et Traitement image","4.6","13","1MGI192","Méthodologique","8.85","0","False","2015"
"14011198521","1","ANG","Anglais Premier Niveau","1","2.5","1MGI191","Transversal","15.75","2.5","True","2015"
"14011198521","1","BSE","BD_Dat_SW_EL","1","2.5","1MGI191","Découverte","11.50","2.5","True","2015"
"14011198521","1","LCO","Logique et Connaissance (O)","3","6.5","1MGI191","Fondamental","10.27","6.5","True","2015"
"14011198521","1","MVS","Modélisation Vérification Syst","3.5","9","1MGI191","Méthodologique","10.75","9","True","2015"
"14011198521","1","ROP","Recherche Opérationnelle(O)","4","9.5","1MGI191","Fondamental","7.81","2.5","False","2015"
"14011198521","1","ANG2","Anglais","1","2.5","1MGI192","Transversal","15.00","2.5","True","2015"
"14011198521","1","HWR","Hardware","1.2","3","1MGI192","Découverte","8.00","0","False","2015"
"14011198521","1","TWB","Technologie web","4.6","11.5","1MGI192","Fondamental","13.59","11.5","True","2015"
"14011198521","1","VTI","Vision et Traitement image","4.6","13","1MGI192","Méthodologique","7.71","0","False","2015"
"14011198524","1","UEF1","UEF du Génie Logiciel","5","10","1MGI231","Fondamental","13.70","10","True","2015"
"14011198524","1","UEF2","UEF Programmation Web","6","12","1MGI231","Fondamental","11.47","12","True","2015"
"14011198524","1","UED1","UED Logique et Simulation","3","6","1MGI231","Découverte","7.00","0","False","2015"
"14011198524","1","UET1","UET Communication","1","2","1MGI231","Transversal","18.75","2","True","2015"
"14011198524","1","UEF1.","UEF Conception  Arch Logiciel","5","10","1MGI232","Fondamental","11.35","10","True","2015"
"14011198524","1","UEF2.","UEF I.A  et Programm Web","5","10","1MGI232","Fondamental","11.35","10","True","2015"
"14011198524","1","UEF3","UEF Modèlisation des Données","4","8","1MGI232","Fondamental","11.15","8","True","2015"
"14011198524","1","UET1.","UET Communication","1","2","1MGI232","Transversal","17.50","2","True","2015"
"14011198566","1","ANG","Anglais Premier Niveau","1","2.5","1MGI191","Transversal","13.75","2.5","True","2015"
"14011198566","1","BSE","BD_Dat_SW_EL","1","2.5","1MGI191","Découverte","6.00","0","False","2015"
"14011198566","1","LCO","Logique et Connaissance (O)","3","6.5","1MGI191","Fondamental","10.80","6.5","True","2015"
"14011198566","1","MVS","Modélisation Vérification Syst","3.5","9","1MGI191","Méthodologique","11.17","9","True","2015"
"14011198566","1","ROP","Recherche Opérationnelle(O)","4","9.5","1MGI191","Fondamental","6.58","0","False","2015"
"14011198566","1","ANG2","Anglais","1","2.5","1MGI192","Transversal","16.00","2.5","True","2015"
"14011198566","1","HWR","Hardware","1.2","3","1MGI192","Découverte","6.25","0","False","2015"
"14011198566","1","TWB","Technologie web","4.6","11.5","1MGI192","Fondamental","11.16","11.5","True","2015"
"14011198566","1","VTI","Vision et Traitement image","4.6","13","1MGI192","Méthodologique","9.15","4.5","False","2015"
"14011198588","1","ANG","Anglais Premier Niveau","1","2.5","1MGI191","Transversal","17.00","2.5","True","2015"
"14011198588","1","BSE","BD_Dat_SW_EL","1","2.5","1MGI191","Découverte","12.50","2.5","True","2015"
"14011198588","1","LCO","Logique et Connaissance (O)","3","6.5","1MGI191","Fondamental","11.78","6.5","True","2015"
"14011198588","1","MVS","Modélisation Vérification Syst","3.5","9","1MGI191","Méthodologique","9.57","6","False","2015"
"14011198588","1","ROP","Recherche Opérationnelle(O)","4","9.5","1MGI191","Fondamental","7.96","3.5","False","2015"
"14011198588","1","ANG2","Anglais","1","2.5","1MGI192","Transversal","14.00","2.5","True","2015"
"14011198588","1","HWR","Hardware","1.2","3","1MGI192","Découverte","15.25","3","True","2015"
"14011198588","1","TWB","Technologie web","4.6","11.5","1MGI192","Fondamental","11.19","11.5","True","2015"
"14011198588","1","VTI","Vision et Traitement image","4.6","13","1MGI192","Méthodologique","9.37","4.5","False","2015"
"14011298615","1","TRX","Technologie des Réseaux(o)","3.6","9","1MGI201","Fondamental","9.98","6","False","2015"
"14011298615","1","REOP","Recherche Opérationnelle (o)","3.8","9.5","1MGI201","Fondamental","9.02","3.5","False","2015"
"14011298615","1","ALOG","Architecture logicielle (O)","3.6","9","1MGI201","Méthodologique","9.86","3.5","False","2015"
"14011298615","1","UTE","UE Transversale (o)","1","2.5","1MGI201","Transversal","17.00","2.5","True","2015"
"14011298615","1","TECRX","Technologie des Réseaux","5.2","13","1MGI202","Fondamental","10.12","13","True","2015"
"14011298615","1","TCE","Technologie des Télécom","4.6","11.5","1MGI202","Méthodologique","10.23","11.5","True","2015"
"14011298615","1","EDP","EU Découverte (P)","1.2","3","1MGI202","Découverte","10.00","3","True","2015"
"14011298615","1","UET","UE Transversales","1","2.5","1MGI202","Transversal","18.00","2.5","True","2015"
"14011298617","1","ANG","Anglais Premier Niveau","1","2.5","1MGI191","Transversal","17.50","2.5","True","2015"
"14011298617","1","BSE","BD_Dat_SW_EL","1","2.5","1MGI191","Découverte","8.00","0","False","2015"
"14011298617","1","LCO","Logique et Connaissance (O)","3","6.5","1MGI191","Fondamental","9.47","3","False","2015"
"14011298617","1","MVS","Modélisation Vérification Syst","3.5","9","1MGI191","Méthodologique","13.62","9","True","2015"
"14011298617","1","ROP","Recherche Opérationnelle(O)","4","9.5","1MGI191","Fondamental","8.81","3.5","False","2015"
"14011298617","1","ANG2","Anglais","1","2.5","1MGI192","Transversal","17.25","2.5","True","2015"
"14011298617","1","HWR","Hardware","1.2","3","1MGI192","Découverte","11.00","3","True","2015"
"14011298617","1","TWB","Technologie web","4.6","11.5","1MGI192","Fondamental","13.89","11.5","True","2015"
"14011298617","1","VTI","Vision et Traitement image","4.6","13","1MGI192","Méthodologique","8.73","0","False","2015"
"14011298622","1","TRX","Technologie des Réseaux(o)","3.6","9","1MGI201","Fondamental","8.35","3","False","2015"
"14011298622","1","REOP","Recherche Opérationnelle (o)","3.8","9.5","1MGI201","Fondamental","10.92","9.5","True","2015"
"14011298622","1","ALOG","Architecture logicielle (O)","3.6","9","1MGI201","Méthodologique","10.79","9","True","2015"
"14011298622","1","UTE","UE Transversale (o)","1","2.5","1MGI201","Transversal","16.50","2.5","True","2015"
"14011298622","1","TECRX","Technologie des Réseaux","5.2","13","1MGI202","Fondamental","10.87","13","True","2015"
"14011298622","1","TCE","Technologie des Télécom","4.6","11.5","1MGI202","Méthodologique","8.72","0","False","2015"
"14011298622","1","EDP","EU Découverte (P)","1.2","3","1MGI202","Découverte","11.50","3","True","2015"
"14011298622","1","UET","UE Transversales","1","2.5","1MGI202","Transversal","19.50","2.5","True","2015"
"14011298627","1","UEF1","UEF du Génie Logiciel","5","10","1MGI231","Fondamental","10.55","10","True","2015"
"14011298627","1","UEF2","UEF Programmation Web","6","12","1MGI231","Fondamental","11.53","12","True","2015"
"14011298627","1","UED1","UED Logique et Simulation","3","6","1MGI231","Découverte","8.45","3","False","2015"
"14011298627","1","UET1","UET Communication","1","2","1MGI231","Transversal","14.50","2","True","2015"
"14011298627","1","UEF1.","UEF Conception  Arch Logiciel","5","10","1MGI232","Fondamental","10.93","10","True","2015"
"14011298627","1","UEF2.","UEF I.A  et Programm Web","5","10","1MGI232","Fondamental","10.38","10","True","2015"
"14011298627","1","UEF3","UEF Modèlisation des Données","4","8","1MGI232","Fondamental","10.70","8","True","2015"
"14011298627","1","UET1.","UET Communication","1","2","1MGI232","Transversal","15.00","2","True","2015"
"14011298636","1","TRX","Technologie des Réseaux(o)","3.6","9","1MGI201","Fondamental","11.47","9","True","2015"
"14011298636","1","REOP","Recherche Opérationnelle (o)","3.8","9.5","1MGI201","Fondamental","9.87","7","False","2015"
"14011298636","1","ALOG","Architecture logicielle (O)","3.6","9","1MGI201","Méthodologique","11.47","9","True","2015"
"14011298636","1","UTE","UE Transversale (o)","1","2.5","1MGI201","Transversal","17.25","2.5","True","2015"
"14011298636","1","TECRX","Technologie des Réseaux","5.2","13","1MGI202","Fondamental","10.90","13","True","2015"
"14011298636","1","TCE","Technologie des Télécom","4.6","11.5","1MGI202","Méthodologique","12.12","11.5","True","2015"
"14011298636","1","EDP","EU Découverte (P)","1.2","3","1MGI202","Découverte","15.00","3","True","2015"
"14011298636","1","UET","UE Transversales","1","2.5","1MGI202","Transversal","16.50","2.5","True","2015"
"14011298637","1","UEF1","UEF du Génie Logiciel","5","10","1MGI231","Fondamental","12.65","10","True","2015"
"14011298637","1","UEF2","UEF Programmation Web","6","12","1MGI231","Fondamental","13.27","12","True","2015"
"14011298637","1","UED1","UED Logique et Simulation","3","6","1MGI231","Découverte","7.90","3","False","2015"
"14011298637","1","UET1","UET Communication","1","2","1MGI231","Transversal","16.50","2","True","2015"
"14011298637","1","UEF1.","UEF Conception  Arch Logiciel","5","10","1MGI232","Fondamental","13.81","10","True","2015"
"14011298637","1","UEF2.","UEF I.A  et Programm Web","5","10","1MGI232","Fondamental","12.72","10","True","2015"
"14011298637","1","UEF3","UEF Modèlisation des Données","4","8","1MGI232","Fondamental","12.90","8","True","2015"
"14011298637","1","UET1.","UET Communication","1","2","1MGI232","Transversal","15.75","2","True","2015"
"14011298645","1","UEF1","UEF du Génie Logiciel","5","10","1MGI231","Fondamental","10.85","10","True","2015"
"14011298645","1","UEF2","UEF Programmation Web","6","12","1MGI231","Fondamental","9.98","8","False","2015"
"14011298645","1","UED1","UED Logique et Simulation","3","6","1MGI231","Découverte","11.40","6","True","2015"
"14011298645","1","UET1","UET Communication","1","2","1MGI231","Transversal","18.50","2","True","2015"
"14011298645","1","UEF1.","UEF Conception  Arch Logiciel","5","10","1MGI232","Fondamental","9.99","5","False","2015"
"14011298645","1","UEF2.","UEF I.A  et Programm Web","5","10","1MGI232","Fondamental","10.86","10","True","2015"
"14011298645","1","UEF3","UEF Modèlisation des Données","4","8","1MGI232","Fondamental","10.75","8","True","2015"
"14011298645","1","UET1.","UET Communication","1","2","1MGI232","Transversal","15.00","2","True","2015"
"14011298662","1","ANG","Anglais Premier Niveau","1","2.5","1MGI191","Transversal","16.25","2.5","True","2015"
"14011298662","1","BSE","BD_Dat_SW_EL","1","2.5","1MGI191","Découverte","10.50","2.5","True","2015"
"14011298662","1","LCO","Logique et Connaissance (O)","3","6.5","1MGI191","Fondamental","13.01","6.5","True","2015"
"14011298662","1","MVS","Modélisation Vérification Syst","3.5","9","1MGI191","Méthodologique","14.37","9","True","2015"
"14011298662","1","ROP","Recherche Opérationnelle(O)","4","9.5","1MGI191","Fondamental","11.59","9.5","True","2015"
"14011298662","1","ANG2","Anglais","1","2.5","1MGI192","Transversal","17.00","2.5","True","2015"
"14011298662","1","HWR","Hardware","1.2","3","1MGI192","Découverte","10.00","3","True","2015"
"14011298662","1","TWB","Technologie web","4.6","11.5","1MGI192","Fondamental","12.79","11.5","True","2015"
"14011298662","1","VTI","Vision et Traitement image","4.6","13","1MGI192","Méthodologique","9.47","4.5","False","2015"
"14011298667","1","UEF1","UEF du Génie Logiciel","5","10","1MGI231","Fondamental","15.23","10","True","2015"
"14011298667","1","UEF2","UEF Programmation Web","6","12","1MGI231","Fondamental","14.13","12","True","2015"
"14011298667","1","UED1","UED Logique et Simulation","3","6","1MGI231","Découverte","11.75","6","True","2015"
"14011298667","1","UET1","UET Communication","1","2","1MGI231","Transversal","18.50","2","True","2015"
"14011298667","1","UEF1.","UEF Conception  Arch Logiciel","5","10","1MGI232","Fondamental","15.46","10","True","2015"
"14011298667","1","UEF2.","UEF I.A  et Programm Web","5","10","1MGI232","Fondamental","15.42","10","True","2015"
"14011298667","1","UEF3","UEF Modèlisation des Données","4","8","1MGI232","Fondamental","14.43","8","True","2015"
"14011298667","1","UET1.","UET Communication","1","2","1MGI232","Transversal","19.50","2","True","2015"
"14011298668","1","TRX","Technologie des Réseaux(o)","3.6","9","1MGI201","Fondamental","8.65","3","False","2015"
"14011298668","1","REOP","Recherche Opérationnelle (o)","3.8","9.5","1MGI201","Fondamental","10.30","9.5","True","2015"
"14011298668","1","ALOG","Architecture logicielle (O)","3.6","9","1MGI201","Méthodologique","9.58","6","False","2015"
"14011198113","1","TRX","Technologie des Réseaux(o)","2.6","6.5","1MGI201","Fondamental","9.72","3","False","2014"
"14011298668","1","UTE","UE Transversale (o)","1","2.5","1MGI201","Transversal","15.00","2.5","True","2015"
"14011298668","1","TECRX","Technologie des Réseaux","5.2","13","1MGI202","Fondamental","9.53","4.5","False","2015"
"14011298668","1","TCE","Technologie des Télécom","4.6","11.5","1MGI202","Méthodologique","11.77","11.5","True","2015"
"14011298668","1","EDP","EU Découverte (P)","1.2","3","1MGI202","Découverte","10.60","3","True","2015"
"14011298668","1","UET","UE Transversales","1","2.5","1MGI202","Transversal","16.50","2.5","True","2015"
"14011298670","1","ANG","Anglais Premier Niveau","1","2.5","1MGI191","Transversal","17.50","2.5","True","2015"
"14011298670","1","BSE","BD_Dat_SW_EL","1","2.5","1MGI191","Découverte","7.00","0","False","2015"
"14011198113","1","REOP","Recherche Opérationnelle (o)","3.8","9.5","1MGI201","Fondamental","9.39","0","False","2014"
"14011198113","1","ALOG","Architecture logicielle (O)","3.6","9","1MGI201","Méthodologique","9.01","0","False","2014"
"14011198113","1","UDE","UE Découverte (p)","1","2.5","1MGI201","Découverte","12.00","2.5","True","2014"
"14011198113","1","UTE","UE Transversale (o)","1","2.5","1MGI201","Transversal","16.50","2.5","True","2014"
"14011198113","1","VTIM","Vision et Traitement Image","5.2","13","1MGI202","Fondamental","9.09","4","False","2014"
"14011198113","1","TCE","Technologie des Télécom","4.6","11.5","1MGI202","Méthodologique","9.41","5","False","2015"
"14011198113","1","EDP","EU Découverte (P)","1.2","3","1MGI202","Découverte","11.50","3","True","2014"
"14011198113","1","UET","UE Transversales","1","2.5","1MGI202","Transversal","15.00","2.5","True","2014"
"14011298670","1","LCO","Logique et Connaissance (O)","3","6.5","1MGI191","Fondamental","11.46","6.5","True","2015"
"14011298670","1","MVS","Modélisation Vérification Syst","3.5","9","1MGI191","Méthodologique","11.46","9","True","2015"
"14011298670","1","ROP","Recherche Opérationnelle(O)","4","9.5","1MGI191","Fondamental","12.04","9.5","True","2015"
"14011298670","1","ANG2","Anglais","1","2.5","1MGI192","Transversal","17.75","2.5","True","2015"
"14011298670","1","HWR","Hardware","1.2","3","1MGI192","Découverte","12.00","3","True","2015"
"14011298670","1","TWB","Technologie web","4.6","11.5","1MGI192","Fondamental","11.68","11.5","True","2015"
"14011298670","1","VTI","Vision et Traitement image","4.6","13","1MGI192","Méthodologique","11.20","13","True","2015"
"14011298672","1","ANG","Anglais Premier Niveau","1","2.5","1MGI191","Transversal","20.00","2.5","True","2015"
"14011298672","1","BSE","BD_Dat_SW_EL","1","2.5","1MGI191","Découverte","14.00","2.5","True","2015"
"14011298672","1","LCO","Logique et Connaissance (O)","3","6.5","1MGI191","Fondamental","11.64","6.5","True","2015"
"14011298672","1","MVS","Modélisation Vérification Syst","3.5","9","1MGI191","Méthodologique","13.02","9","True","2015"
"14011298672","1","ROP","Recherche Opérationnelle(O)","4","9.5","1MGI191","Fondamental","10.97","9.5","True","2015"
"14011298672","1","ANG2","Anglais","1","2.5","1MGI192","Transversal","18.00","2.5","True","2015"
"14011298672","1","HWR","Hardware","1.2","3","1MGI192","Découverte","15.00","3","True","2015"
"14011298672","1","TWB","Technologie web","4.6","11.5","1MGI192","Fondamental","13.06","11.5","True","2015"
"14011298672","1","VTI","Vision et Traitement image","4.6","13","1MGI192","Méthodologique","9.64","4.5","False","2015"
"14011298682","1","ANG","Anglais Premier Niveau","1","2.5","1MGI191","Transversal","15.50","2.5","True","2015"
"14011298682","1","BSE","BD_Dat_SW_EL","1","2.5","1MGI191","Découverte","14.50","2.5","True","2015"
"14011298682","1","LCO","Logique et Connaissance (O)","3","6.5","1MGI191","Fondamental","14.74","6.5","True","2015"
"14011298682","1","MVS","Modélisation Vérification Syst","3.5","9","1MGI191","Méthodologique","11.06","9","True","2015"
"14011298682","1","ROP","Recherche Opérationnelle(O)","4","9.5","1MGI191","Fondamental","12.41","9.5","True","2015"
"14011298682","1","ANG2","Anglais","1","2.5","1MGI192","Transversal","18.75","2.5","True","2015"
"14011298682","1","HWR","Hardware","1.2","3","1MGI192","Découverte","17.00","3","True","2015"
"14011298682","1","TWB","Technologie web","4.6","11.5","1MGI192","Fondamental","15.30","11.5","True","2015"
"14011298682","1","VTI","Vision et Traitement image","4.6","13","1MGI192","Méthodologique","14.37","13","True","2015"
"14011298686","1","UEF1","UEF du Génie Logiciel","5","10","1MGI231","Fondamental","15.30","10","True","2015"
"14011298686","1","UEF2","UEF Programmation Web","6","12","1MGI231","Fondamental","14.37","12","True","2015"
"14011298686","1","UED1","UED Logique et Simulation","3","6","1MGI231","Découverte","14.95","6","True","2015"
"14011298686","1","UET1","UET Communication","1","2","1MGI231","Transversal","17.50","2","True","2015"
"14011298686","1","UEF1.","UEF Conception  Arch Logiciel","5","10","1MGI232","Fondamental","15.13","10","True","2015"
"14011298686","1","UEF2.","UEF I.A  et Programm Web","5","10","1MGI232","Fondamental","15.70","10","True","2015"
"14011198198","1","ANG","Anglais Premier Niveau","1","2.5","1MGI191","Transversal","13.00","2.5","True","2014"
"14011298686","1","UEF3","UEF Modèlisation des Données","4","8","1MGI232","Fondamental","14.35","8","True","2015"
"14011298686","1","UET1.","UET Communication","1","2","1MGI232","Transversal","18.00","2","True","2015"
"14011298687","1","TRX","Technologie des Réseaux(o)","3.6","9","1MGI201","Fondamental","10.47","9","True","2015"
"14011298687","1","REOP","Recherche Opérationnelle (o)","3.8","9.5","1MGI201","Fondamental","9.80","6","False","2015"
"14011298687","1","ALOG","Architecture logicielle (O)","3.6","9","1MGI201","Méthodologique","10.39","9","True","2015"
"14011198198","1","BSE","BD_Dat_SW_EL","1","2.5","1MGI191","Découverte","10.00","2.5","True","2014"
"14011198198","1","LCO","Logique et Connaissance (O)","3","6.5","1MGI191","Fondamental","10.32","6.5","True","2014"
"14011198198","1","MVS","Modélisation Vérification Syst","3.5","9","1MGI191","Méthodologique","11.08","9","True","2015"
"14011198198","1","ROP","Recherche Opérationnelle(O)","4","9.5","1MGI191","Fondamental","8.31","0","False","2015"
"14011198198","1","ANG2","Anglais","1","2.5","1MGI192","Transversal","15.75","2.5","True","2015"
"14011198198","1","HWR","Hardware","1.2","3","1MGI192","Découverte","11.00","3","True","2015"
"14011198198","1","TWB","Technologie web","4.6","11.5","1MGI192","Fondamental","11.75","11.5","True","2015"
"14011198198","1","VTI","Vision et Traitement image","4.6","13","1MGI192","Méthodologique","11.23","13","True","2015"
"14011298687","1","UTE","UE Transversale (o)","1","2.5","1MGI201","Transversal","16.25","2.5","True","2015"
"14011298687","1","TECRX","Technologie des Réseaux","5.2","13","1MGI202","Fondamental","10.09","13","True","2015"
"14011298687","1","TCE","Technologie des Télécom","4.6","11.5","1MGI202","Méthodologique","10.35","11.5","True","2015"
"14011298687","1","EDP","EU Découverte (P)","1.2","3","1MGI202","Découverte","11.00","3","True","2015"
"14011298687","1","UET","UE Transversales","1","2.5","1MGI202","Transversal","16.25","2.5","True","2015"
"14011298688","1","ANG","Anglais Premier Niveau","1","2.5","1MGI191","Transversal","18.25","2.5","True","2015"
"14011298688","1","BSE","BD_Dat_SW_EL","1","2.5","1MGI191","Découverte","6.50","0","False","2015"
"14011298688","1","LCO","Logique et Connaissance (O)","3","6.5","1MGI191","Fondamental","9.58","3","False","2015"
"14011298688","1","MVS","Modélisation Vérification Syst","3.5","9","1MGI191","Méthodologique","11.67","9","True","2015"
"14011298688","1","ROP","Recherche Opérationnelle(O)","4","9.5","1MGI191","Fondamental","8.31","2.5","False","2015"
"14011298688","1","ANG2","Anglais","1","2.5","1MGI192","Transversal","17.75","2.5","True","2015"
"14011298688","1","HWR","Hardware","1.2","3","1MGI192","Découverte","11.50","3","True","2015"
"14011298688","1","TWB","Technologie web","4.6","11.5","1MGI192","Fondamental","11.92","11.5","True","2015"
"14011298688","1","VTI","Vision et Traitement image","4.6","13","1MGI192","Méthodologique","10.22","13","True","2015"
"14011298696","1","TRX","Technologie des Réseaux(o)","3.6","9","1MGI201","Fondamental","9.50","3","False","2015"
"14011298696","1","REOP","Recherche Opérationnelle (o)","3.8","9.5","1MGI201","Fondamental","9.24","2.5","False","2015"
"14011298696","1","ALOG","Architecture logicielle (O)","3.6","9","1MGI201","Méthodologique","10.61","9","True","2015"
"14011298696","1","UTE","UE Transversale (o)","1","2.5","1MGI201","Transversal","17.75","2.5","True","2015"
"14011298696","1","TECRX","Technologie des Réseaux","5.2","13","1MGI202","Fondamental","10.03","13","True","2015"
"14011298696","1","TCE","Technologie des Télécom","4.6","11.5","1MGI202","Méthodologique","9.52","6.5","False","2015"
"14011298696","1","EDP","EU Découverte (P)","1.2","3","1MGI202","Découverte","10.40","3","True","2015"
"14011298696","1","UET","UE Transversales","1","2.5","1MGI202","Transversal","18.75","2.5","True","2015"
"14011298705","1","TRX","Technologie des Réseaux(o)","3.6","9","1MGI201","Fondamental","10.62","9","True","2015"
"14011298705","1","REOP","Recherche Opérationnelle (o)","3.8","9.5","1MGI201","Fondamental","11.23","9.5","True","2015"
"14011298705","1","ALOG","Architecture logicielle (O)","3.6","9","1MGI201","Méthodologique","10.06","9","True","2015"
"14011298705","1","UTE","UE Transversale (o)","1","2.5","1MGI201","Transversal","14.50","2.5","True","2015"
"14011298705","1","TECRX","Technologie des Réseaux","5.2","13","1MGI202","Fondamental","10.04","13","True","2015"
"14011298705","1","TCE","Technologie des Télécom","4.6","11.5","1MGI202","Méthodologique","10.10","11.5","True","2015"
"14011298705","1","EDP","EU Découverte (P)","1.2","3","1MGI202","Découverte","10.20","3","True","2015"
"14011298705","1","UET","UE Transversales","1","2.5","1MGI202","Transversal","15.75","2.5","True","2015"
"14011298706","1","ANG","Anglais Premier Niveau","1","2.5","1MGI191","Transversal","16.25","2.5","True","2015"
"14011298706","1","BSE","BD_Dat_SW_EL","1","2.5","1MGI191","Découverte","7.50","0","False","2015"
"14011298706","1","LCO","Logique et Connaissance (O)","3","6.5","1MGI191","Fondamental","10.76","6.5","True","2015"
"14011298706","1","MVS","Modélisation Vérification Syst","3.5","9","1MGI191","Méthodologique","11.45","9","True","2015"
"14011298706","1","ROP","Recherche Opérationnelle(O)","4","9.5","1MGI191","Fondamental","7.94","2.5","False","2015"
"14011298706","1","ANG2","Anglais","1","2.5","1MGI192","Transversal","18.00","2.5","True","2015"
"14011298706","1","HWR","Hardware","1.2","3","1MGI192","Découverte","8.00","0","False","2015"
"14011298706","1","TWB","Technologie web","4.6","11.5","1MGI192","Fondamental","10.02","11.5","True","2015"
"14011298706","1","VTI","Vision et Traitement image","4.6","13","1MGI192","Méthodologique","9.65","8.5","False","2015"
"14011298710","1","ANG","Anglais Premier Niveau","1","2.5","1MGI191","Transversal","15.25","2.5","True","2015"
"14011298710","1","BSE","BD_Dat_SW_EL","1","2.5","1MGI191","Découverte","8.00","0","False","2015"
"14011298710","1","LCO","Logique et Connaissance (O)","3","6.5","1MGI191","Fondamental","11.50","6.5","True","2015"
"14011298710","1","MVS","Modélisation Vérification Syst","3.5","9","1MGI191","Méthodologique","11.97","9","True","2015"
"14011298710","1","ROP","Recherche Opérationnelle(O)","4","9.5","1MGI191","Fondamental","9.56","6","False","2015"
"14011298710","1","ANG2","Anglais","1","2.5","1MGI192","Transversal","18.00","2.5","True","2015"
"14011298710","1","HWR","Hardware","1.2","3","1MGI192","Découverte","11.00","3","True","2015"
"14011298710","1","TWB","Technologie web","4.6","11.5","1MGI192","Fondamental","11.14","11.5","True","2015"
"14011298710","1","VTI","Vision et Traitement image","4.6","13","1MGI192","Méthodologique","10.11","13","True","2015"
"14011298711","1","ANG","Anglais Premier Niveau","1","2.5","1MGI191","Transversal","15.75","2.5","True","2015"
"14011298711","1","BSE","BD_Dat_SW_EL","1","2.5","1MGI191","Découverte","8.00","0","False","2015"
"14011298711","1","LCO","Logique et Connaissance (O)","3","6.5","1MGI191","Fondamental","12.54","6.5","True","2015"
"14011298711","1","MVS","Modélisation Vérification Syst","3.5","9","1MGI191","Méthodologique","13.51","9","True","2015"
"14011298711","1","ROP","Recherche Opérationnelle(O)","4","9.5","1MGI191","Fondamental","10.81","9.5","True","2015"
"14011298711","1","ANG2","Anglais","1","2.5","1MGI192","Transversal","17.75","2.5","True","2015"
"14011298711","1","HWR","Hardware","1.2","3","1MGI192","Découverte","15.50","3","True","2015"
"14011298711","1","TWB","Technologie web","4.6","11.5","1MGI192","Fondamental","13.96","11.5","True","2015"
"14011298711","1","VTI","Vision et Traitement image","4.6","13","1MGI192","Méthodologique","9.77","8.5","False","2015"
"14011298736","1","TRX","Technologie des Réseaux(o)","3.6","9","1MGI201","Fondamental","8.70","3","False","2015"
"14011298736","1","REOP","Recherche Opérationnelle (o)","3.8","9.5","1MGI201","Fondamental","9.77","2.5","False","2015"
"14011298736","1","ALOG","Architecture logicielle (O)","3.6","9","1MGI201","Méthodologique","9.82","3.5","False","2015"
"14011298736","1","UTE","UE Transversale (o)","1","2.5","1MGI201","Transversal","17.00","2.5","True","2015"
"14011298736","1","TECRX","Technologie des Réseaux","5.2","13","1MGI202","Fondamental","9.58","4.5","False","2015"
"14011298736","1","TCE","Technologie des Télécom","4.6","11.5","1MGI202","Méthodologique","9.09","5","False","2015"
"14011298736","1","EDP","EU Découverte (P)","1.2","3","1MGI202","Découverte","11.40","3","True","2015"
"14011298736","1","UET","UE Transversales","1","2.5","1MGI202","Transversal","14.00","2.5","True","2015"
"14011298763","1","UEF1","UEF du Génie Logiciel","5","10","1MGI231","Fondamental","13.20","10","True","2015"
"14011298763","1","UEF2","UEF Programmation Web","6","12","1MGI231","Fondamental","11.93","12","True","2015"
"14011298763","1","UED1","UED Logique et Simulation","3","6","1MGI231","Découverte","7.45","0","False","2015"
"14011298763","1","UET1","UET Communication","1","2","1MGI231","Transversal","17.25","2","True","2015"
"14011298763","1","UEF1.","UEF Conception  Arch Logiciel","5","10","1MGI232","Fondamental","13.05","10","True","2015"
"14011298763","1","UEF2.","UEF I.A  et Programm Web","5","10","1MGI232","Fondamental","12.68","10","True","2015"
"14011298763","1","UEF3","UEF Modèlisation des Données","4","8","1MGI232","Fondamental","13.43","8","True","2015"
"14011298763","1","UET1.","UET Communication","1","2","1MGI232","Transversal","18.75","2","True","2015"
"14011298764","1","UEF1","UEF du Génie Logiciel","5","10","1MGI231","Fondamental","13.75","10","True","2015"
"14011298764","1","UEF2","UEF Programmation Web","6","12","1MGI231","Fondamental","13.77","12","True","2015"
"14011298764","1","UED1","UED Logique et Simulation","3","6","1MGI231","Découverte","10.80","6","True","2015"
"14011298764","1","UET1","UET Communication","1","2","1MGI231","Transversal","18.50","2","True","2015"
"14011298764","1","UEF1.","UEF Conception  Arch Logiciel","5","10","1MGI232","Fondamental","14.63","10","True","2015"
"14011298764","1","UEF2.","UEF I.A  et Programm Web","5","10","1MGI232","Fondamental","15.05","10","True","2015"
"14011298764","1","UEF3","UEF Modèlisation des Données","4","8","1MGI232","Fondamental","13.10","8","True","2015"
"14011298764","1","UET1.","UET Communication","1","2","1MGI232","Transversal","18.75","2","True","2015"
"14011298765","1","UEF1","UEF du Génie Logiciel","5","10","1MGI231","Fondamental","8.93","5","False","2015"
"14011298765","1","UEF2","UEF Programmation Web","6","12","1MGI231","Fondamental","11.73","12","True","2015"
"14011298765","1","UED1","UED Logique et Simulation","3","6","1MGI231","Découverte","8.90","3","False","2015"
"14011298765","1","UET1","UET Communication","1","2","1MGI231","Transversal","18.00","2","True","2015"
"14011298765","1","UEF1.","UEF Conception  Arch Logiciel","5","10","1MGI232","Fondamental","9.74","5","False","2015"
"14011298765","1","UEF2.","UEF I.A  et Programm Web","5","10","1MGI232","Fondamental","15.32","10","True","2015"
"14011298765","1","UEF3","UEF Modèlisation des Données","4","8","1MGI232","Fondamental","11.00","8","True","2015"
"14011298765","1","UET1.","UET Communication","1","2","1MGI232","Transversal","15.50","2","True","2015"
"14011298787","1","ANG","Anglais Premier Niveau","1","2.5","1MGI191","Transversal","18.75","2.5","True","2015"
"14011298787","1","BSE","BD_Dat_SW_EL","1","2.5","1MGI191","Découverte","10.00","2.5","True","2015"
"14011298787","1","LCO","Logique et Connaissance (O)","3","6.5","1MGI191","Fondamental","11.70","6.5","True","2015"
"14011298787","1","MVS","Modélisation Vérification Syst","3.5","9","1MGI191","Méthodologique","11.13","9","True","2015"
"14011298787","1","ROP","Recherche Opérationnelle(O)","4","9.5","1MGI191","Fondamental","10.61","9.5","True","2015"
"14011298787","1","ANG2","Anglais","1","2.5","1MGI192","Transversal","18.00","2.5","True","2015"
"14011298787","1","HWR","Hardware","1.2","3","1MGI192","Découverte","11.00","3","True","2015"
"14011298787","1","TWB","Technologie web","4.6","11.5","1MGI192","Fondamental","12.80","11.5","True","2015"
"14011298787","1","VTI","Vision et Traitement image","4.6","13","1MGI192","Méthodologique","10.87","13","True","2015"
"14011298818","1","UEF1","UEF du Génie Logiciel","5","10","1MGI231","Fondamental","10.45","10","True","2015"
"14011298818","1","UEF2","UEF Programmation Web","6","12","1MGI231","Fondamental","10.53","12","True","2015"
"14011298818","1","UED1","UED Logique et Simulation","3","6","1MGI231","Découverte","8.60","0","False","2015"
"14011298818","1","UET1","UET Communication","1","2","1MGI231","Transversal","16.00","2","True","2015"
"14011298818","1","UEF1.","UEF Conception  Arch Logiciel","5","10","1MGI232","Fondamental","9.63","5","False","2015"
"14011298818","1","UEF2.","UEF I.A  et Programm Web","5","10","1MGI232","Fondamental","10.45","10","True","2015"
"14011298818","1","UEF3","UEF Modèlisation des Données","4","8","1MGI232","Fondamental","10.70","8","True","2015"
"14011298818","1","UET1.","UET Communication","1","2","1MGI232","Transversal","17.00","2","True","2015"
"14011298823","1","UEF1","UEF du Génie Logiciel","5","10","1MGI231","Fondamental","12.65","10","True","2015"
"14011298823","1","UEF2","UEF Programmation Web","6","12","1MGI231","Fondamental","12.37","12","True","2015"
"14011298823","1","UED1","UED Logique et Simulation","3","6","1MGI231","Découverte","9.90","3","False","2015"
"14011298823","1","UET1","UET Communication","1","2","1MGI231","Transversal","14.00","2","True","2015"
"14011298823","1","UEF1.","UEF Conception  Arch Logiciel","5","10","1MGI232","Fondamental","13.09","10","True","2015"
"14011298823","1","UEF2.","UEF I.A  et Programm Web","5","10","1MGI232","Fondamental","12.59","10","True","2015"
"14011298823","1","UEF3","UEF Modèlisation des Données","4","8","1MGI232","Fondamental","11.70","8","True","2015"
"14011298823","1","UET1.","UET Communication","1","2","1MGI232","Transversal","18.50","2","True","2015"
"14011298838","1","TRX","Technologie des Réseaux(o)","3.6","9","1MGI201","Fondamental","9.83","3","False","2015"
"14011298838","1","REOP","Recherche Opérationnelle (o)","3.8","9.5","1MGI201","Fondamental","8.20","0","False","2015"
"14011298838","1","ALOG","Architecture logicielle (O)","3.6","9","1MGI201","Méthodologique","10.68","9","True","2015"
"14011298838","1","UTE","UE Transversale (o)","1","2.5","1MGI201","Transversal","18.75","2.5","True","2015"
"14011298838","1","TECRX","Technologie des Réseaux","5.2","13","1MGI202","Fondamental","9.68","4.5","False","2015"
"14011298838","1","TCE","Technologie des Télécom","4.6","11.5","1MGI202","Méthodologique","9.60","5","False","2015"
"14011298838","1","EDP","EU Découverte (P)","1.2","3","1MGI202","Découverte","10.20","3","True","2015"
"14011298838","1","UET","UE Transversales","1","2.5","1MGI202","Transversal","17.75","2.5","True","2015"
"14011298846","1","TRX","Technologie des Réseaux(o)","3.6","9","1MGI201","Fondamental","11.92","9","True","2015"
"14011298846","1","REOP","Recherche Opérationnelle (o)","3.8","9.5","1MGI201","Fondamental","10.13","9.5","True","2015"
"14011298846","1","ALOG","Architecture logicielle (O)","3.6","9","1MGI201","Méthodologique","13.41","9","True","2015"
"14011298846","1","UTE","UE Transversale (o)","1","2.5","1MGI201","Transversal","16.75","2.5","True","2015"
"14011298846","1","TECRX","Technologie des Réseaux","5.2","13","1MGI202","Fondamental","11.34","13","True","2015"
"14011298846","1","TCE","Technologie des Télécom","4.6","11.5","1MGI202","Méthodologique","13.45","11.5","True","2015"
"14011298846","1","EDP","EU Découverte (P)","1.2","3","1MGI202","Découverte","9.35","0","False","2015"
"14011298846","1","UET","UE Transversales","1","2.5","1MGI202","Transversal","17.75","2.5","True","2015"
"14011298851","1","UEF1","UEF du Génie Logiciel","5","10","1MGI231","Fondamental","14.38","10","True","2015"
"14011298851","1","UEF2","UEF Programmation Web","6","12","1MGI231","Fondamental","15.40","12","True","2015"
"14011298851","1","UED1","UED Logique et Simulation","3","6","1MGI231","Découverte","13.15","6","True","2015"
"14011298851","1","UET1","UET Communication","1","2","1MGI231","Transversal","17.25","2","True","2015"
"14011298851","1","UEF1.","UEF Conception  Arch Logiciel","5","10","1MGI232","Fondamental","13.64","10","True","2015"
"14011298851","1","UEF2.","UEF I.A  et Programm Web","5","10","1MGI232","Fondamental","14.27","10","True","2015"
"14011298851","1","UEF3","UEF Modèlisation des Données","4","8","1MGI232","Fondamental","15.60","8","True","2015"
"14011298851","1","UET1.","UET Communication","1","2","1MGI232","Transversal","18.00","2","True","2015"
"14011298861","1","TRX","Technologie des Réseaux(o)","3.6","9","1MGI201","Fondamental","7.77","3","False","2015"
"14011298861","1","REOP","Recherche Opérationnelle (o)","3.8","9.5","1MGI201","Fondamental","9.19","6","False","2015"
"14011298861","1","ALOG","Architecture logicielle (O)","3.6","9","1MGI201","Méthodologique","8.47","3.5","False","2015"
"14011298861","1","UTE","UE Transversale (o)","1","2.5","1MGI201","Transversal","15.00","2.5","True","2015"
"14011298861","1","TECRX","Technologie des Réseaux","5.2","13","1MGI202","Fondamental","10.96","13","True","2015"
"14011399247","2","P.F.E","Projet de Fin d Etudes","1","30","2MGI234","Fondamental","0.00","0","False","2015"
"14011399247","2","UF1","Developpement d App Mobiles","7","14","2MGI233","Fondamental","11.33","14","True","2015"
"14011399247","2","UM1","Compétence Professionelle","7","14","2MGI233","Méthodologique","7.69","0","False","2015"
"14011399247","2","UT1","Communication","1","2","2MGI233","Transversal","19.50","2","True","2015"
"14011399251","2","P.F.E","Projet de Fin d Etudes","1","30","2MGI234","Fondamental","0.00","0","False","2015"
"14011298861","1","TCE","Technologie des Télécom","4.6","11.5","1MGI202","Méthodologique","7.83","0","False","2015"
"14011298861","1","EDP","EU Découverte (P)","1.2","3","1MGI202","Découverte","11.90","3","True","2015"
"14011298861","1","UET","UE Transversales","1","2.5","1MGI202","Transversal","16.00","2.5","True","2015"
"14011298862","1","TRX","Technologie des Réseaux(o)","3.6","9","1MGI201","Fondamental","11.52","9","True","2015"
"14011298862","1","REOP","Recherche Opérationnelle (o)","3.8","9.5","1MGI201","Fondamental","12.10","9.5","True","2015"
"14011298862","1","ALOG","Architecture logicielle (O)","3.6","9","1MGI201","Méthodologique","15.57","9","True","2015"
"14011298862","1","UTE","UE Transversale (o)","1","2.5","1MGI201","Transversal","19.00","2.5","True","2015"
"14011298862","1","TECRX","Technologie des Réseaux","5.2","13","1MGI202","Fondamental","13.80","13","True","2015"
"14011298862","1","TCE","Technologie des Télécom","4.6","11.5","1MGI202","Méthodologique","11.99","11.5","True","2015"
"14011298862","1","EDP","EU Découverte (P)","1.2","3","1MGI202","Découverte","15.10","3","True","2015"
"14011298862","1","UET","UE Transversales","1","2.5","1MGI202","Transversal","17.50","2.5","True","2015"
"14011298871","1","TRX","Technologie des Réseaux(o)","3.6","9","1MGI201","Fondamental","15.27","9","True","2015"
"14011399251","2","UF1","Developpement d App Mobiles","7","14","2MGI233","Fondamental","9.57","8","False","2015"
"14011298871","1","REOP","Recherche Opérationnelle (o)","3.8","9.5","1MGI201","Fondamental","14.49","9.5","True","2015"
"14011298871","1","ALOG","Architecture logicielle (O)","3.6","9","1MGI201","Méthodologique","16.15","9","True","2015"
"14011298871","1","UTE","UE Transversale (o)","1","2.5","1MGI201","Transversal","18.00","2.5","True","2015"
"14011399251","2","UM1","Compétence Professionelle","7","14","2MGI233","Méthodologique","9.14","0","False","2015"
"14011399251","2","UT1","Communication","1","2","2MGI233","Transversal","19.50","2","True","2015"
"14011499270","1","TRX","Technologie des Réseaux(o)","3.6","9","1MGI201","Fondamental","10.23","9","True","2015"
"14011499270","1","REOP","Recherche Opérationnelle (o)","3.8","9.5","1MGI201","Fondamental","8.46","3.5","False","2015"
"14011499270","1","ALOG","Architecture logicielle (O)","3.6","9","1MGI201","Méthodologique","8.71","0","False","2015"
"14011499270","1","UTE","UE Transversale (o)","1","2.5","1MGI201","Transversal","16.00","2.5","True","2015"
"14011499270","1","TECRX","Technologie des Réseaux","5.2","13","1MGI202","Fondamental","9.93","9","False","2015"
"14011499270","1","TCE","Technologie des Télécom","4.6","11.5","1MGI202","Méthodologique","8.69","0","False","2015"
"14011499270","1","EDP","EU Découverte (P)","1.2","3","1MGI202","Découverte","10.50","3","True","2015"
"14011298871","1","TECRX","Technologie des Réseaux","5.2","13","1MGI202","Fondamental","15.25","13","True","2015"
"14011298871","1","TCE","Technologie des Télécom","4.6","11.5","1MGI202","Méthodologique","15.51","11.5","True","2015"
"14011298871","1","EDP","EU Découverte (P)","1.2","3","1MGI202","Découverte","17.95","3","True","2015"
"14011499270","1","UET","UE Transversales","1","2.5","1MGI202","Transversal","18.50","2.5","True","2015"
"14011499272","1","ANG","Anglais Premier Niveau","1","2.5","1MGI191","Transversal","17.00","2.5","True","2015"
"14011499272","1","BSE","BD_Dat_SW_EL","1","2.5","1MGI191","Découverte","8.00","0","False","2015"
"14011399247","1","UEF1","UEF du Génie Logiciel","5","10","1MGI231","Fondamental","9.30","5","False","2014"
"14011399247","1","UEF2","UEF Programmation Web","6","12","1MGI231","Fondamental","11.27","12","True","2014"
"14011399247","1","UED1","UED Logique et Simulation","3","6","1MGI231","Découverte","8.50","3","False","2014"
"14011399247","1","UET1","UET Communication","1","2","1MGI231","Transversal","13.00","2","True","2014"
"14011399247","1","UEF1.","UEF Conception  Arch Logiciel","5","10","1MGI232","Fondamental","10.83","10","True","2014"
"14011499272","1","LCO","Logique et Connaissance (O)","3","6.5","1MGI191","Fondamental","10.34","6.5","True","2015"
"14011499272","1","MVS","Modélisation Vérification Syst","3.5","9","1MGI191","Méthodologique","11.20","9","True","2015"
"14011499272","1","ROP","Recherche Opérationnelle(O)","4","9.5","1MGI191","Fondamental","9.74","2.5","False","2015"
"14011499272","1","ANG2","Anglais","1","2.5","1MGI192","Transversal","15.75","2.5","True","2015"
"14011499272","1","HWR","Hardware","1.2","3","1MGI192","Découverte","11.50","3","True","2015"
"14011399247","1","UEF2.","UEF I.A  et Programm Web","5","10","1MGI232","Fondamental","8.90","3","False","2014"
"14011399247","1","UEF3","UEF Modèlisation des Données","4","8","1MGI232","Fondamental","10.00","8","True","2014"
"14011399247","1","UET1.","UET Communication","1","2","1MGI232","Transversal","14.00","2","True","2014"
"14011399251","1","UEF1","UEF du Génie Logiciel","5","10","1MGI231","Fondamental","10.30","10","True","2014"
"14011399251","1","UEF2","UEF Programmation Web","6","12","1MGI231","Fondamental","10.60","12","True","2014"
"14011399251","1","UED1","UED Logique et Simulation","3","6","1MGI231","Découverte","9.40","3","False","2014"
"14011399251","1","UET1","UET Communication","1","2","1MGI231","Transversal","13.00","2","True","2014"
"14011399251","1","UEF1.","UEF Conception  Arch Logiciel","5","10","1MGI232","Fondamental","11.58","10","True","2014"
"14011399251","1","UEF2.","UEF I.A  et Programm Web","5","10","1MGI232","Fondamental","9.76","3","False","2014"
"14011399251","1","UEF3","UEF Modèlisation des Données","4","8","1MGI232","Fondamental","9.40","4","False","2014"
"14011399251","1","UET1.","UET Communication","1","2","1MGI232","Transversal","16.00","2","True","2014"
"14011298871","1","UET","UE Transversales","1","2.5","1MGI202","Transversal","17.75","2.5","True","2015"
"14011298877","1","TRX","Technologie des Réseaux(o)","3.6","9","1MGI201","Fondamental","9.78","3","False","2015"
"14011298877","1","REOP","Recherche Opérationnelle (o)","3.8","9.5","1MGI201","Fondamental","8.64","2.5","False","2015"
"14011298877","1","ALOG","Architecture logicielle (O)","3.6","9","1MGI201","Méthodologique","9.98","6","False","2015"
"14011298877","1","UTE","UE Transversale (o)","1","2.5","1MGI201","Transversal","16.75","2.5","True","2015"
"14011298877","1","TECRX","Technologie des Réseaux","5.2","13","1MGI202","Fondamental","10.62","13","True","2015"
"14011298877","1","TCE","Technologie des Télécom","4.6","11.5","1MGI202","Méthodologique","9.59","5","False","2015"
"14011298877","1","EDP","EU Découverte (P)","1.2","3","1MGI202","Découverte","10.00","3","True","2015"
"14011298877","1","UET","UE Transversales","1","2.5","1MGI202","Transversal","18.00","2.5","True","2015"
"14011298895","1","TRX","Technologie des Réseaux(o)","3.6","9","1MGI201","Fondamental","13.75","9","True","2015"
"14011298895","1","REOP","Recherche Opérationnelle (o)","3.8","9.5","1MGI201","Fondamental","12.82","9.5","True","2015"
"14011298895","1","ALOG","Architecture logicielle (O)","3.6","9","1MGI201","Méthodologique","16.40","9","True","2015"
"14011298895","1","UTE","UE Transversale (o)","1","2.5","1MGI201","Transversal","20.00","2.5","True","2015"
"14011298895","1","TECRX","Technologie des Réseaux","5.2","13","1MGI202","Fondamental","12.66","13","True","2015"
"14011298895","1","TCE","Technologie des Télécom","4.6","11.5","1MGI202","Méthodologique","11.38","11.5","True","2015"
"14011499272","1","TWB","Technologie web","4.6","11.5","1MGI192","Fondamental","12.07","11.5","True","2015"
"14011499272","1","VTI","Vision et Traitement image","4.6","13","1MGI192","Méthodologique","11.82","13","True","2015"
"14011499274","1","UEF1","UEF du Génie Logiciel","5","10","1MGI231","Fondamental","13.13","10","True","2015"
"14011499274","1","UEF2","UEF Programmation Web","6","12","1MGI231","Fondamental","14.17","12","True","2015"
"14011499274","1","UED1","UED Logique et Simulation","3","6","1MGI231","Découverte","13.50","6","True","2015"
"14011499274","1","UET1","UET Communication","1","2","1MGI231","Transversal","19.00","2","True","2015"
"14011298895","1","EDP","EU Découverte (P)","1.2","3","1MGI202","Découverte","16.00","3","True","2015"
"14011298895","1","UET","UE Transversales","1","2.5","1MGI202","Transversal","18.00","2.5","True","2015"
"14011298919","1","TRX","Technologie des Réseaux(o)","3.6","9","1MGI201","Fondamental","10.98","9","True","2015"
"14011298919","1","REOP","Recherche Opérationnelle (o)","3.8","9.5","1MGI201","Fondamental","7.37","0","False","2015"
"14011298919","1","ALOG","Architecture logicielle (O)","3.6","9","1MGI201","Méthodologique","10.71","9","True","2015"
"14011298919","1","UTE","UE Transversale (o)","1","2.5","1MGI201","Transversal","19.25","2.5","True","2015"
"14011499274","1","UEF1.","UEF Conception  Arch Logiciel","5","10","1MGI232","Fondamental","12.01","10","True","2015"
"14011499274","1","UEF2.","UEF I.A  et Programm Web","5","10","1MGI232","Fondamental","17.03","10","True","2015"
"14011499274","1","UEF3","UEF Modèlisation des Données","4","8","1MGI232","Fondamental","12.28","8","True","2015"
"14011499274","1","UET1.","UET Communication","1","2","1MGI232","Transversal","17.25","2","True","2015"
"14011499276","1","ANG","Anglais Premier Niveau","1","2.5","1MGI191","Transversal","18.25","2.5","True","2015"
"14011499276","1","BSE","BD_Dat_SW_EL","1","2.5","1MGI191","Découverte","8.50","0","False","2015"
"14011499276","1","LCO","Logique et Connaissance (O)","3","6.5","1MGI191","Fondamental","10.04","6.5","True","2015"
"14011499276","1","MVS","Modélisation Vérification Syst","3.5","9","1MGI191","Méthodologique","7.91","6","False","2015"
"14011499276","1","ROP","Recherche Opérationnelle(O)","4","9.5","1MGI191","Fondamental","10.31","9.5","True","2015"
"14011499276","1","ANG2","Anglais","1","2.5","1MGI192","Transversal","17.75","2.5","True","2015"
"14011499276","1","HWR","Hardware","1.2","3","1MGI192","Découverte","10.50","3","True","2015"
"14011499276","1","TWB","Technologie web","4.6","11.5","1MGI192","Fondamental","10.89","11.5","True","2015"
"14011298919","1","TECRX","Technologie des Réseaux","5.2","13","1MGI202","Fondamental","10.68","13","True","2015"
"14011298919","1","TCE","Technologie des Télécom","4.6","11.5","1MGI202","Méthodologique","11.64","11.5","True","2015"
"14011298919","1","EDP","EU Découverte (P)","1.2","3","1MGI202","Découverte","10.80","3","True","2015"
"14011298919","1","UET","UE Transversales","1","2.5","1MGI202","Transversal","18.00","2.5","True","2015"
"14011298925","1","TRX","Technologie des Réseaux(o)","3.6","9","1MGI201","Fondamental","9.77","3","False","2015"
"14011298925","1","REOP","Recherche Opérationnelle (o)","3.8","9.5","1MGI201","Fondamental","8.06","3.5","False","2015"
"14011298925","1","ALOG","Architecture logicielle (O)","3.6","9","1MGI201","Méthodologique","11.70","9","True","2015"
"14011499276","1","VTI","Vision et Traitement image","4.6","13","1MGI192","Méthodologique","11.88","13","True","2015"
"14011298925","1","UTE","UE Transversale (o)","1","2.5","1MGI201","Transversal","17.25","2.5","True","2015"
"14011298925","1","TECRX","Technologie des Réseaux","5.2","13","1MGI202","Fondamental","11.69","13","True","2015"
"14011298925","1","TCE","Technologie des Télécom","4.6","11.5","1MGI202","Méthodologique","11.99","11.5","True","2015"
"14011298925","1","EDP","EU Découverte (P)","1.2","3","1MGI202","Découverte","15.10","3","True","2015"
"14011298925","1","UET","UE Transversales","1","2.5","1MGI202","Transversal","19.00","2.5","True","2015"
"14011298927","1","TRX","Technologie des Réseaux(o)","3.6","9","1MGI201","Fondamental","10.05","9","True","2015"
"14011298927","1","REOP","Recherche Opérationnelle (o)","3.8","9.5","1MGI201","Fondamental","8.23","0","False","2015"
"14011298927","1","ALOG","Architecture logicielle (O)","3.6","9","1MGI201","Méthodologique","11.16","9","True","2015"
"14011298927","1","UTE","UE Transversale (o)","1","2.5","1MGI201","Transversal","16.00","2.5","True","2015"
"14011298927","1","TECRX","Technologie des Réseaux","5.2","13","1MGI202","Fondamental","9.71","4","False","2015"
"14011298927","1","TCE","Technologie des Télécom","4.6","11.5","1MGI202","Méthodologique","9.22","0","False","2015"
"14011298927","1","EDP","EU Découverte (P)","1.2","3","1MGI202","Découverte","9.30","0","False","2015"
"14011298927","1","UET","UE Transversales","1","2.5","1MGI202","Transversal","17.00","2.5","True","2015"
"14011298935","1","TRX","Technologie des Réseaux(o)","3.6","9","1MGI201","Fondamental","13.62","9","True","2015"
"14011298935","1","REOP","Recherche Opérationnelle (o)","3.8","9.5","1MGI201","Fondamental","11.91","9.5","True","2015"
"14011298935","1","ALOG","Architecture logicielle (O)","3.6","9","1MGI201","Méthodologique","12.51","9","True","2015"
"14011298935","1","UTE","UE Transversale (o)","1","2.5","1MGI201","Transversal","18.50","2.5","True","2015"
"14011298935","1","TECRX","Technologie des Réseaux","5.2","13","1MGI202","Fondamental","11.38","13","True","2015"
"14011298935","1","TCE","Technologie des Télécom","4.6","11.5","1MGI202","Méthodologique","13.41","11.5","True","2015"
"14011298935","1","EDP","EU Découverte (P)","1.2","3","1MGI202","Découverte","13.50","3","True","2015"
"14011298935","1","UET","UE Transversales","1","2.5","1MGI202","Transversal","18.00","2.5","True","2015"
"14011298955","1","UEF1","UEF du Génie Logiciel","5","10","1MGI231","Fondamental","11.63","10","True","2015"
"14011298955","1","UEF2","UEF Programmation Web","6","12","1MGI231","Fondamental","13.73","12","True","2015"
"14011298955","1","UED1","UED Logique et Simulation","3","6","1MGI231","Découverte","11.80","6","True","2015"
"14011298955","1","UET1","UET Communication","1","2","1MGI231","Transversal","20.00","2","True","2015"
"14011298955","1","UEF1.","UEF Conception  Arch Logiciel","5","10","1MGI232","Fondamental","11.20","10","True","2015"
"14011298955","1","UEF2.","UEF I.A  et Programm Web","5","10","1MGI232","Fondamental","11.93","10","True","2015"
"14011298955","1","UEF3","UEF Modèlisation des Données","4","8","1MGI232","Fondamental","12.15","8","True","2015"
"14011298955","1","UET1.","UET Communication","1","2","1MGI232","Transversal","17.00","2","True","2015"
"14011298962","1","TRX","Technologie des Réseaux(o)","3.6","9","1MGI201","Fondamental","11.15","9","True","2015"
"14011298962","1","REOP","Recherche Opérationnelle (o)","3.8","9.5","1MGI201","Fondamental","9.26","3.5","False","2015"
"14011298962","1","ALOG","Architecture logicielle (O)","3.6","9","1MGI201","Méthodologique","10.58","9","True","2015"
"14011298962","1","UTE","UE Transversale (o)","1","2.5","1MGI201","Transversal","13.00","2.5","True","2015"
"14011298962","1","TECRX","Technologie des Réseaux","5.2","13","1MGI202","Fondamental","10.14","13","True","2015"
"14011298962","1","TCE","Technologie des Télécom","4.6","11.5","1MGI202","Méthodologique","9.37","5","False","2015"
"14011298962","1","EDP","EU Découverte (P)","1.2","3","1MGI202","Découverte","11.80","3","True","2015"
"14011298962","1","UET","UE Transversales","1","2.5","1MGI202","Transversal","14.00","2.5","True","2015"
"14011298964","1","TRX","Technologie des Réseaux(o)","3.6","9","1MGI201","Fondamental","12.02","9","True","2015"
"14011298964","1","REOP","Recherche Opérationnelle (o)","3.8","9.5","1MGI201","Fondamental","5.92","0","False","2015"
"14011298964","1","ALOG","Architecture logicielle (O)","3.6","9","1MGI201","Méthodologique","11.61","9","True","2015"
"14011298964","1","UTE","UE Transversale (o)","1","2.5","1MGI201","Transversal","16.25","2.5","True","2015"
"14011298964","1","TECRX","Technologie des Réseaux","5.2","13","1MGI202","Fondamental","9.66","9","False","2015"
"14011298964","1","TCE","Technologie des Télécom","4.6","11.5","1MGI202","Méthodologique","9.84","5","False","2015"
"14011298964","1","EDP","EU Découverte (P)","1.2","3","1MGI202","Découverte","11.00","3","True","2015"
"14011298964","1","UET","UE Transversales","1","2.5","1MGI202","Transversal","17.25","2.5","True","2015"
"14011298977","1","TRX","Technologie des Réseaux(o)","3.6","9","1MGI201","Fondamental","9.82","3","False","2015"
"14011298977","1","REOP","Recherche Opérationnelle (o)","3.8","9.5","1MGI201","Fondamental","10.18","9.5","True","2015"
"14011298977","1","ALOG","Architecture logicielle (O)","3.6","9","1MGI201","Méthodologique","10.15","9","True","2015"
"14011298977","1","UTE","UE Transversale (o)","1","2.5","1MGI201","Transversal","14.00","2.5","True","2015"
"14011298977","1","TECRX","Technologie des Réseaux","5.2","13","1MGI202","Fondamental","9.38","4.5","False","2015"
"14011298977","1","TCE","Technologie des Télécom","4.6","11.5","1MGI202","Méthodologique","9.30","0","False","2015"
"14011298977","1","EDP","EU Découverte (P)","1.2","3","1MGI202","Découverte","10.10","3","True","2015"
"14011298977","1","UET","UE Transversales","1","2.5","1MGI202","Transversal","18.00","2.5","True","2015"
"14011298979","1","ANG","Anglais Premier Niveau","1","2.5","1MGI191","Transversal","19.00","2.5","True","2015"
"14011298979","1","BSE","BD_Dat_SW_EL","1","2.5","1MGI191","Découverte","14.00","2.5","True","2015"
"14011298979","1","LCO","Logique et Connaissance (O)","3","6.5","1MGI191","Fondamental","14.34","6.5","True","2015"
"14011298979","1","MVS","Modélisation Vérification Syst","3.5","9","1MGI191","Méthodologique","14.39","9","True","2015"
"14011298979","1","ROP","Recherche Opérationnelle(O)","4","9.5","1MGI191","Fondamental","13.71","9.5","True","2015"
"14011298979","1","ANG2","Anglais","1","2.5","1MGI192","Transversal","17.50","2.5","True","2015"
"14011298979","1","HWR","Hardware","1.2","3","1MGI192","Découverte","14.00","3","True","2015"
"14011298979","1","TWB","Technologie web","4.6","11.5","1MGI192","Fondamental","16.55","11.5","True","2015"
"14011298979","1","VTI","Vision et Traitement image","4.6","13","1MGI192","Méthodologique","14.39","13","True","2015"
"14011299010","1","UEF1","UEF du Génie Logiciel","5","10","1MGI231","Fondamental","11.83","10","True","2015"
"14011299010","1","UEF2","UEF Programmation Web","6","12","1MGI231","Fondamental","11.17","12","True","2015"
"14011299010","1","UED1","UED Logique et Simulation","3","6","1MGI231","Découverte","8.70","3","False","2015"
"14011299010","1","UET1","UET Communication","1","2","1MGI231","Transversal","17.75","2","True","2015"
"14011299010","1","UEF1.","UEF Conception  Arch Logiciel","5","10","1MGI232","Fondamental","11.71","10","True","2015"
"14011299010","1","UEF2.","UEF I.A  et Programm Web","5","10","1MGI232","Fondamental","12.55","10","True","2015"
"14011299010","1","UEF3","UEF Modèlisation des Données","4","8","1MGI232","Fondamental","11.45","8","True","2015"
"14011299010","1","UET1.","UET Communication","1","2","1MGI232","Transversal","16.00","2","True","2015"
"14011299024","1","TRX","Technologie des Réseaux(o)","3.6","9","1MGI201","Fondamental","9.32","3","False","2015"
"14011299024","1","REOP","Recherche Opérationnelle (o)","3.8","9.5","1MGI201","Fondamental","9.54","2.5","False","2015"
"14011299024","1","ALOG","Architecture logicielle (O)","3.6","9","1MGI201","Méthodologique","12.46","9","True","2015"
"14011299024","1","UTE","UE Transversale (o)","1","2.5","1MGI201","Transversal","17.25","2.5","True","2015"
"14011299024","1","TECRX","Technologie des Réseaux","5.2","13","1MGI202","Fondamental","9.73","4.5","False","2015"
"14011299024","1","TCE","Technologie des Télécom","4.6","11.5","1MGI202","Méthodologique","10.72","11.5","True","2015"
"14011299024","1","EDP","EU Découverte (P)","1.2","3","1MGI202","Découverte","12.65","3","True","2015"
"14011299024","1","UET","UE Transversales","1","2.5","1MGI202","Transversal","16.75","2.5","True","2015"
"14011299032","1","UEF1","UEF du Génie Logiciel","5","10","1MGI231","Fondamental","13.48","10","True","2015"
"14011299032","1","UEF2","UEF Programmation Web","6","12","1MGI231","Fondamental","11.67","12","True","2015"
"14011299032","1","UED1","UED Logique et Simulation","3","6","1MGI231","Découverte","9.05","0","False","2015"
"14011299032","1","UET1","UET Communication","1","2","1MGI231","Transversal","14.25","2","True","2015"
"14011299032","1","UEF1.","UEF Conception  Arch Logiciel","5","10","1MGI232","Fondamental","13.37","10","True","2015"
"14011299032","1","UEF2.","UEF I.A  et Programm Web","5","10","1MGI232","Fondamental","13.20","10","True","2015"
"14011299032","1","UEF3","UEF Modèlisation des Données","4","8","1MGI232","Fondamental","11.40","8","True","2015"
"14011299032","1","UET1.","UET Communication","1","2","1MGI232","Transversal","15.50","2","True","2015"
"14011299038","1","TRX","Technologie des Réseaux(o)","3.6","9","1MGI201","Fondamental","9.52","3","False","2015"
"14011299038","1","REOP","Recherche Opérationnelle (o)","3.8","9.5","1MGI201","Fondamental","8.69","3.5","False","2015"
"14011299038","1","ALOG","Architecture logicielle (O)","3.6","9","1MGI201","Méthodologique","12.01","9","True","2015"
"14011299038","1","UTE","UE Transversale (o)","1","2.5","1MGI201","Transversal","20.00","2.5","True","2015"
"14011299038","1","TECRX","Technologie des Réseaux","5.2","13","1MGI202","Fondamental","10.12","13","True","2015"
"14011299038","1","TCE","Technologie des Télécom","4.6","11.5","1MGI202","Méthodologique","9.52","6.5","False","2015"
"14011299038","1","EDP","EU Découverte (P)","1.2","3","1MGI202","Découverte","10.10","3","True","2015"
"14011299038","1","UET","UE Transversales","1","2.5","1MGI202","Transversal","16.75","2.5","True","2015"
"14011299110","1","TRX","Technologie des Réseaux(o)","3.6","9","1MGI201","Fondamental","8.80","3","False","2015"
"14011299110","1","REOP","Recherche Opérationnelle (o)","3.8","9.5","1MGI201","Fondamental","11.39","9.5","True","2015"
"14011299110","1","ALOG","Architecture logicielle (O)","3.6","9","1MGI201","Méthodologique","8.78","2.5","False","2015"
"14011299110","1","UTE","UE Transversale (o)","1","2.5","1MGI201","Transversal","14.00","2.5","True","2015"
"14011299110","1","TECRX","Technologie des Réseaux","5.2","13","1MGI202","Fondamental","11.75","13","True","2015"
"14011299110","1","TCE","Technologie des Télécom","4.6","11.5","1MGI202","Méthodologique","12.05","11.5","True","2015"
"14011299110","1","EDP","EU Découverte (P)","1.2","3","1MGI202","Découverte","10.00","3","True","2015"
"14011299110","1","UET","UE Transversales","1","2.5","1MGI202","Transversal","16.00","2.5","True","2015"
"14011299116","1","ANG","Anglais Premier Niveau","1","2.5","1MGI191","Transversal","16.25","2.5","True","2015"
"14011299116","1","BSE","BD_Dat_SW_EL","1","2.5","1MGI191","Découverte","10.00","2.5","True","2015"
"14011299116","1","LCO","Logique et Connaissance (O)","3","6.5","1MGI191","Fondamental","14.19","6.5","True","2015"
"14011299116","1","MVS","Modélisation Vérification Syst","3.5","9","1MGI191","Méthodologique","13.03","9","True","2015"
"14011299116","1","ROP","Recherche Opérationnelle(O)","4","9.5","1MGI191","Fondamental","12.48","9.5","True","2015"
"14011299116","1","ANG2","Anglais","1","2.5","1MGI192","Transversal","16.50","2.5","True","2015"
"14011299116","1","HWR","Hardware","1.2","3","1MGI192","Découverte","14.00","3","True","2015"
"14011299116","1","TWB","Technologie web","4.6","11.5","1MGI192","Fondamental","12.64","11.5","True","2015"
"14011299116","1","VTI","Vision et Traitement image","4.6","13","1MGI192","Méthodologique","12.89","13","True","2015"
"14011299118","1","UEF1","UEF du Génie Logiciel","5","10","1MGI231","Fondamental","12.88","10","True","2015"
"14011299118","1","UEF2","UEF Programmation Web","6","12","1MGI231","Fondamental","11.27","12","True","2015"
"14011299118","1","UED1","UED Logique et Simulation","3","6","1MGI231","Découverte","8.40","0","False","2015"
"14011299118","1","UET1","UET Communication","1","2","1MGI231","Transversal","17.75","2","True","2015"
"14011299118","1","UEF1.","UEF Conception  Arch Logiciel","5","10","1MGI232","Fondamental","12.84","10","True","2015"
"14011299118","1","UEF2.","UEF I.A  et Programm Web","5","10","1MGI232","Fondamental","13.14","10","True","2015"
"14011299118","1","UEF3","UEF Modèlisation des Données","4","8","1MGI232","Fondamental","11.30","8","True","2015"
"14011299118","1","UET1.","UET Communication","1","2","1MGI232","Transversal","16.75","2","True","2015"
"14011299122","1","TRX","Technologie des Réseaux(o)","3.6","9","1MGI201","Fondamental","10.67","9","True","2015"
"14011299122","1","REOP","Recherche Opérationnelle (o)","3.8","9.5","1MGI201","Fondamental","7.41","0","False","2015"
"14011299122","1","ALOG","Architecture logicielle (O)","3.6","9","1MGI201","Méthodologique","12.27","9","True","2015"
"14011299122","1","UTE","UE Transversale (o)","1","2.5","1MGI201","Transversal","18.00","2.5","True","2015"
"14011299122","1","TECRX","Technologie des Réseaux","5.2","13","1MGI202","Fondamental","9.70","9","False","2015"
"14011299122","1","TCE","Technologie des Télécom","4.6","11.5","1MGI202","Méthodologique","9.92","5","False","2015"
"14011299122","1","EDP","EU Découverte (P)","1.2","3","1MGI202","Découverte","12.00","3","True","2015"
"14011299122","1","UET","UE Transversales","1","2.5","1MGI202","Transversal","16.25","2.5","True","2015"
"14011299136","1","UEF1","UEF du Génie Logiciel","5","10","1MGI231","Fondamental","13.78","10","True","2015"
"14011299136","1","UEF2","UEF Programmation Web","6","12","1MGI231","Fondamental","13.87","12","True","2015"
"14011299136","1","UED1","UED Logique et Simulation","3","6","1MGI231","Découverte","10.30","6","True","2015"
"14011299136","1","UET1","UET Communication","1","2","1MGI231","Transversal","18.25","2","True","2015"
"14011299136","1","UEF1.","UEF Conception  Arch Logiciel","5","10","1MGI232","Fondamental","14.54","10","True","2015"
"14011299136","1","UEF2.","UEF I.A  et Programm Web","5","10","1MGI232","Fondamental","12.03","10","True","2015"
"14011299136","1","UEF3","UEF Modèlisation des Données","4","8","1MGI232","Fondamental","11.50","8","True","2015"
"14011299136","1","UET1.","UET Communication","1","2","1MGI232","Transversal","15.25","2","True","2015"
"14011299174","1","UEF1","UEF du Génie Logiciel","5","10","1MGI231","Fondamental","13.68","10","True","2015"
"14011299174","1","UEF2","UEF Programmation Web","6","12","1MGI231","Fondamental","14.50","12","True","2015"
"14011299174","1","UED1","UED Logique et Simulation","3","6","1MGI231","Découverte","10.90","6","True","2015"
"14011299174","1","UET1","UET Communication","1","2","1MGI231","Transversal","18.25","2","True","2015"
"14011299174","1","UEF1.","UEF Conception  Arch Logiciel","5","10","1MGI232","Fondamental","13.87","10","True","2015"
"14011299174","1","UEF2.","UEF I.A  et Programm Web","5","10","1MGI232","Fondamental","16.61","10","True","2015"
"14011299174","1","UEF3","UEF Modèlisation des Données","4","8","1MGI232","Fondamental","13.43","8","True","2015"
"14011299174","1","UET1.","UET Communication","1","2","1MGI232","Transversal","17.75","2","True","2015"
"14011299180","1","ANG","Anglais Premier Niveau","1","2.5","1MGI191","Transversal","15.25","2.5","True","2015"
"14011299180","1","BSE","BD_Dat_SW_EL","1","2.5","1MGI191","Découverte","12.50","2.5","True","2015"
"14011299180","1","LCO","Logique et Connaissance (O)","3","6.5","1MGI191","Fondamental","10.11","6.5","True","2015"
"14011299180","1","MVS","Modélisation Vérification Syst","3.5","9","1MGI191","Méthodologique","11.18","9","True","2015"
"14011299180","1","ROP","Recherche Opérationnelle(O)","4","9.5","1MGI191","Fondamental","7.48","0","False","2015"
"14011299180","1","ANG2","Anglais","1","2.5","1MGI192","Transversal","15.25","2.5","True","2015"
"14011299180","1","HWR","Hardware","1.2","3","1MGI192","Découverte","8.00","0","False","2015"
"14011299180","1","TWB","Technologie web","4.6","11.5","1MGI192","Fondamental","12.77","11.5","True","2015"
"14011299180","1","VTI","Vision et Traitement image","4.6","13","1MGI192","Méthodologique","9.10","0","False","2015"
"14011299188","1","ANG","Anglais Premier Niveau","1","2.5","1MGI191","Transversal","18.25","2.5","True","2015"
"14011299188","1","BSE","BD_Dat_SW_EL","1","2.5","1MGI191","Découverte","10.50","2.5","True","2015"
"14011299188","1","LCO","Logique et Connaissance (O)","3","6.5","1MGI191","Fondamental","11.73","6.5","True","2015"
"14011299188","1","MVS","Modélisation Vérification Syst","3.5","9","1MGI191","Méthodologique","12.00","9","True","2015"
"14011299188","1","ROP","Recherche Opérationnelle(O)","4","9.5","1MGI191","Fondamental","10.66","9.5","True","2015"
"14011299188","1","ANG2","Anglais","1","2.5","1MGI192","Transversal","15.00","2.5","True","2015"
"14011299188","1","HWR","Hardware","1.2","3","1MGI192","Découverte","14.75","3","True","2015"
"14011299188","1","TWB","Technologie web","4.6","11.5","1MGI192","Fondamental","12.43","11.5","True","2015"
"14011299188","1","VTI","Vision et Traitement image","4.6","13","1MGI192","Méthodologique","13.21","13","True","2015"
"14011499286","1","UEF1","UEF du Génie Logiciel","5","10","1MGI231","Fondamental","12.83","10","True","2015"
"14011499286","1","UEF2","UEF Programmation Web","6","12","1MGI231","Fondamental","13.77","12","True","2015"
"14011499286","1","UED1","UED Logique et Simulation","3","6","1MGI231","Découverte","9.15","3","False","2015"
"14011499286","1","UET1","UET Communication","1","2","1MGI231","Transversal","17.00","2","True","2015"
"14011499286","1","UEF1.","UEF Conception  Arch Logiciel","5","10","1MGI232","Fondamental","13.35","10","True","2015"
"14011499286","1","UEF2.","UEF I.A  et Programm Web","5","10","1MGI232","Fondamental","15.01","10","True","2015"
"14011499286","1","UEF3","UEF Modèlisation des Données","4","8","1MGI232","Fondamental","12.90","8","True","2015"
"14011499286","1","UET1.","UET Communication","1","2","1MGI232","Transversal","17.50","2","True","2015"
"14010796647","2","QSR","Qualité et  Sécurité Réseaux","3.5","15.5","2MGI203","Fondamental","2.29","0","False","2015"
"14010796647","2","UEMR","Unité Méthodologique","3.25","14.5","2MGI203","Méthodologique","1.00","0","False","2015"
"14010796647","2","UPFR","Projet de fin d etdues","1","30","2MGI204","Fondamental","0.00","0","False","2015"
